"talent","Video ID","Title","Content Type"
"Avaritia_Hawthorne_Variance_Project","-2WiOnkthek","jazz karaoke <U+0001F3B6>","live"
"Avaritia_Hawthorne_Variance_Project","3U-DJoj-CpY","Spark Again - Aimer","short"
"Avaritia_Hawthorne_Variance_Project","3UA4FIvsRTQ","Ghost","short"
"Avaritia_Hawthorne_Variance_Project","9oAGlmwAJG0","NEVER FORGET DL-6<U+3010>PHOENIX WRIGHT: ACE ATTORNEY<U+3011>","live"
"Avaritia_Hawthorne_Variance_Project","B5H8S_BC4A0","making out with another vtuber","short"
"Avaritia_Hawthorne_Variance_Project","BcSUfLiy4ZI","ALMOST CHRISTMAS MEANS...<U+3010>PHOENIX WRIGHT: ACE ATTORNEY<U+3011>","live"
"Avaritia_Hawthorne_Variance_Project","CjhlVLcMyzg","CAN I FIX BAD ACTING IN HENTAI?","live"
"Avaritia_Hawthorne_Variance_Project","Dig-eU617Y4","let me wrap your meat","live"
"Avaritia_Hawthorne_Variance_Project","FYDTL5rKmQM","You<U+2019>re soooooo sexy","short"
"Avaritia_Hawthorne_Variance_Project","GO6jTwsuQOw","beating meat<U+3010>HANDCAM<U+3011>","live"
"Avaritia_Hawthorne_Variance_Project","Gy90yldqXk8","I CAN DESTROY YOU!!!!!!!!!!","short"
"Avaritia_Hawthorne_Variance_Project","KUEQxVsyJiY","I WON'T WEAR THE CHEERLEADER COSTUME <U+0001F4A2>","live"
"Avaritia_Hawthorne_Variance_Project","L0dj2N-VHnY","WHAT A LOSER <U+0001FAF5>","short"
"Avaritia_Hawthorne_Variance_Project","L9hbGqX4jpw","HOLIDAY PARTY <U+0001F384>","live"
"Avaritia_Hawthorne_Variance_Project","NZUZZzpIW6E","Sugar We<U+2019>re Going Down","short"
"Avaritia_Hawthorne_Variance_Project","NgoszD2AAzY","Rockin<U+2019> Around the Christmas Tree <U+0001F384>","video"
"Avaritia_Hawthorne_Variance_Project","Q72Acq49Yec","songs to crash your car to <U+0001F3B6>","live"
"Avaritia_Hawthorne_Variance_Project","S6V_Sxh9ioM","I<U+2019>m trying<U+2026>.","short"
"Avaritia_Hawthorne_Variance_Project","S7U4hd6AJKY","2025 WRAP UP KARAOKE RELAY","live"
"Avaritia_Hawthorne_Variance_Project","SUJ9y7Ral9I","<U+3010>COVER<U+3011>All I Want For Christmas Is You - Mariah Carey (ACAPELLA)","video"
"Avaritia_Hawthorne_Variance_Project","U-1zJH3e8wA","It<U+2019>s Beginning to Look A Lot Like Christmas <U+0001F384>","short"
"Avaritia_Hawthorne_Variance_Project","UNb-UN59MVM","I AM NOT MENTALLY ILL <U+0001F5E3><U+FE0F>","short"
"Avaritia_Hawthorne_Variance_Project","UyFPEp68FDs","SKIES APART ENDER DRAGON<U+3010>MEMBERS ONLY<U+3011>","live"
"Avaritia_Hawthorne_Variance_Project","W6h-gZqFeLE","DID YOU MISS ME OR SOMETHING!? <U+0001F4A2>","live"
"Avaritia_Hawthorne_Variance_Project","Zq4u90BPttw","I<U+2019>M INNOCENT!!!!!!","short"
"Avaritia_Hawthorne_Variance_Project","_La9LkrlUHM","WE CAN'T KEEP DOING THIS <U+0001F4A2>","live"
"Avaritia_Hawthorne_Variance_Project","aQX8JZCPXeg","WILL I JOIN THE WWAIF?","live"
"Avaritia_Hawthorne_Variance_Project","ayapkHVrHeg","MICKEY'S CHRISTMAS CAROL WATCH-A-LONG","live"
"Avaritia_Hawthorne_Variance_Project","b89JwbITNqk","AAAAAA <U+3010>MEMBERS ONLY<U+3011>","live"
"Avaritia_Hawthorne_Variance_Project","e6WiPnLVWSE","<U+3010>COVER<U+3011> Ghost - <U+661F><U+8857><U+3059><U+3044><U+305B><U+3044><U+3010>Avaritia Hawthorne<U+3011>","live"
"Avaritia_Hawthorne_Variance_Project","fw_bHa2CoCU","I<U+2019>M SO NORMAL AND CHILL","short"
"Avaritia_Hawthorne_Variance_Project","hOj8YyKJBzk","Santa, baby~","video"
"Avaritia_Hawthorne_Variance_Project","jYen6kDXOeo","<U+3010>COVER<U+3011>All I Want For Christmas Is You - Mariah Carey<U+3010>Avaritia Hawthorne<U+3011>","live"
"Avaritia_Hawthorne_Variance_Project","jj2ldErfVbQ","LIGHT, JOY, AND LOVE <U+2744>","live"
"Avaritia_Hawthorne_Variance_Project","jp0cELzZ__o","CAN I LEARN 10 VOICES IN 2 HOURS?!","live"
"Avaritia_Hawthorne_Variance_Project","kR72FUeFKLg","DO YOU LIKE MY JOKE?","short"
"Avaritia_Hawthorne_Variance_Project","n354tENnT5Y","ALMOST CHRISTMAS CRASH OUT","short"
"Avaritia_Hawthorne_Variance_Project","n7omwkxA0O4","DOING MY NAILS <U+0001F485><U+3010>MEMBERS ONLY<U+3011>","live"
"Avaritia_Hawthorne_Variance_Project","nAh02QzWufI","burn the beast but you're in a concert bathroom","video"
"Avaritia_Hawthorne_Variance_Project","neartJLAHsQ","i love making everyone lose <U+0001F495><U+3010>EQUILIBRIUM COLLAB | VARIANCE PROJECT<U+3011>","live"
"Avaritia_Hawthorne_Variance_Project","niWlcSgvDcM","COOKING MARSHMALLOWS W/ BLOOD <U+3010>HANDCAM<U+3011>","live"
"Avaritia_Hawthorne_Variance_Project","nw2G95RmTEc","HOW TO BE WORSE IN 2026","live"
"Avaritia_Hawthorne_Variance_Project","ovXGpsyUZyk","PAINFUL!?!?!?","short"
"Avaritia_Hawthorne_Variance_Project","r9TUJpvEoW8","DON'T LOOK AT ME <U+0001F4A2>","live"
"Avaritia_Hawthorne_Variance_Project","uXBecYWzQjg","WE HIT 5K SUBS!?","live"
"Avaritia_Hawthorne_Variance_Project","ucQnIzn_n4g","COME  <U+0001FAF5> <U+3010>MEMBERS ONLY<U+3011>","live"
"Avaritia_Hawthorne_Variance_Project","vLDT4bL1gR8","HAWTIE HANGOUT!!!!<U+3010>MEMBERS ONLY<U+3011>","live"
"Avaritia_Hawthorne_Variance_Project","vLvUCHD0ODc","A TOAST TO A BLOODY NEW YEAR <U+0001F495> <U+3010>HANDCAM<U+3011>","live"
"Avaritia_Hawthorne_Variance_Project","wsfG8F2b43s","PASS ON THE JOY KARAOKE RELAY","live"
"Avaritia_Hawthorne_Variance_Project","xw8EUNHX9ao","SINGING ONLY LAST CHRISTMAS","live"
"Avaritia_Hawthorne_Variance_Project","-upfZuJAOGg","I WON'T SPIN THE PUNISHMENT WHEEL<U+3010>ASK ME ANYTHING | Variance Project<U+3011>","live"
"Avaritia_Hawthorne_Variance_Project","0Sy0P8c91ko","YOU ARE MY CHAIR NOW","live"
"Avaritia_Hawthorne_Variance_Project","0aIpy9oKpgw","DISSECTING MORE OWL VOMIT<U+3010>HANDCAM<U+3011>","live"
"Avaritia_Hawthorne_Variance_Project","0uBj9VfaI2I","CELEBRATING LIFE AND DEATH","live"
"Avaritia_Hawthorne_Variance_Project","1UPC1tTtAPM","<U+3010>COVER<U+3011> Bubblegum Bitch - MARINA (Acapella)","video"
"Avaritia_Hawthorne_Variance_Project","2RdZ8xpfFYs","BROADWAY KARAOKE","live"
"Avaritia_Hawthorne_Variance_Project","497dn31yOy8","Hyakka Ryouran","short"
"Avaritia_Hawthorne_Variance_Project","6UuPyE0eBV8","EATING TACO BELL AND NOT SUFFERING<U+3010>HANDCAM<U+3011>","live"
"Avaritia_Hawthorne_Variance_Project","6xFdQoIs5_0","Do you ever get a little bit tired of life?","short"
"Avaritia_Hawthorne_Variance_Project","7xYMrbdZYsU","KARAOKE AND CHILL<U+3010>MEMBERS ONLY<U+3011>","live"
"Avaritia_Hawthorne_Variance_Project","8fYE97jxnGg","FIXING BAD ACTING IN HENTAI","live"
"Avaritia_Hawthorne_Variance_Project","9U23tsUJqQI","<U+3010>RAW SINGING CLIP<U+3011>Goddess - Laufey","video"
"Avaritia_Hawthorne_Variance_Project","AKLv67t45Rk","I am a trained clown #vtuber","short"
"Avaritia_Hawthorne_Variance_Project","AYfqqHrjLSM","LIGHT ME UP, BABY<U+3010>HANDCAM<U+3011>","live"
"Avaritia_Hawthorne_Variance_Project","Ap4KNJ_Nlw0","<U+3010>FREE CHAT<U+3011>","live"
"Avaritia_Hawthorne_Variance_Project","C04vejsVa3g","BACKSPACE BROADWAY","live"
"Avaritia_Hawthorne_Variance_Project","GP-EY1pBdBI","LET ME COOK FOR YOU <U+0001F970><U+3010>ARCTIC EGGS<U+3011>","live"
"Avaritia_Hawthorne_Variance_Project","JgOI_zuuBtc","my mech has a big gun <U+0001F4A6>","live"
"Avaritia_Hawthorne_Variance_Project","NUNZRMuUDRs","i can suck responsibly <U+0001F48B> <U+3010>LOLLIPOP CHAINSAW<U+3011>","live"
"Avaritia_Hawthorne_Variance_Project","QG-PtIW_mBA","this is a stream<U+3010>MEMBERS ONLY<U+3011>","live"
"Avaritia_Hawthorne_Variance_Project","QkKSqXzwKek","i'm a lightweight!!!!!<U+3010>DRUNK KARAOKE<U+3011>","live"
"Avaritia_Hawthorne_Variance_Project","SU_ap-1nIus","She<U+2019>s so sexy, she<U+2019>s my hero","short"
"Avaritia_Hawthorne_Variance_Project","UHIwbgENKrs","IS THIS WHAT EARTH IS LIKE??<U+3010>SHIFT AT MIDNIGHT COLLAB<U+3011>","live"
"Avaritia_Hawthorne_Variance_Project","UdMw9eXfZMI","LET THERE BE BLOODSHED! I WON'T DIE FIRST!<U+3010>LEFT 4 DEAD 2 COLLAB<U+3011>","live"
"Avaritia_Hawthorne_Variance_Project","VLK_emJrQMM","iT's A dAmN CoLd NiGhT ~*~*<U+3010>HAG KARAOKE RELAY<U+3011>","live"
"Avaritia_Hawthorne_Variance_Project","X6YPA9iYQhU","WATER... I HARDLY KNOW HER...<U+3010>WATERPARK SIMULATOR<U+3011>","live"
"Avaritia_Hawthorne_Variance_Project","_U8yktdNpwU","I<U+2019>ve been crying #vtuber","short"
"Avaritia_Hawthorne_Variance_Project","_pTEAx-rIKk","I HATE YOU!!!!! #vtuber","short"
"Avaritia_Hawthorne_Variance_Project","a3EFiNtxiZE","It's not your fault what happened to you. <U+3010>Avaritia Hawthorne | VARIANCE PROJECT<U+3011>","live"
"Avaritia_Hawthorne_Variance_Project","bhQUBjbPvhU","NO FLOATIES ALLOWED <U+0001F4A6><U+3010>WATERPARK SIMULATOR<U+3011>","live"
"Avaritia_Hawthorne_Variance_Project","cyDQzIiw2Ns","<U+3010>COVER<U+3011> Bubblegum Bitch - MARINA<U+3010>Avaritia Hawthorne & Fangsie Fido | VARIANCE PROJECT<U+3011>","live"
"Avaritia_Hawthorne_Variance_Project","g9cjckPLyEQ","<U+3010>STORYTIME<U+3011>You've Been Chosen, Dear [Soft Spoken/Creepy]","live"
"Avaritia_Hawthorne_Variance_Project","hUDsQfkWpKU","sad girl karaoke","live"
"Avaritia_Hawthorne_Variance_Project","hgYQ6bIjuYk","SACRIFICE!!! #vtuber","short"
"Avaritia_Hawthorne_Variance_Project","iaMYGz3u2_Q","BECOMING A DRUG LORD<U+3010>SCHEDULE 1<U+3011>","live"
"Avaritia_Hawthorne_Variance_Project","jIZN9bavWt8","BATHING IN BLOOD <U+0001F49E>","live"
"Avaritia_Hawthorne_Variance_Project","kAsA4orByxk","I WILL END STREAM AT 4 HOURS<U+3010>CLOVERPIT<U+3011>","live"
"Avaritia_Hawthorne_Variance_Project","kaM94G4o7f0","PLAYING WITH HEAD<U+3010>HANDCAM<U+3011>","live"
"Avaritia_Hawthorne_Variance_Project","l7ObKTm3_MU","NAILS & PLAYING CLOVER PIT <U+0001F49E><U+3010>MEMBERS ONLY<U+3011>","live"
"Avaritia_Hawthorne_Variance_Project","lEMRk6_Y6Go","CHAT CAN'T GET ME TO CURSE <U+0001FAF5>","live"
"Avaritia_Hawthorne_Variance_Project","mMGfpK1HoSs","SING REQUESTS OR PUNISHMENT?!","live"
"Avaritia_Hawthorne_Variance_Project","oKtxtaE_Dps","HOT TO GO #vtuber","short"
"Avaritia_Hawthorne_Variance_Project","pA6yttOv9vk","RATING YOUR MUSIC TASTE (PART TWO) <U+0001F5E3>","live"
"Avaritia_Hawthorne_Variance_Project","pPfm8K5DhK0","RATING YOUR MUSIC TASTE <U+0001F5E3>","live"
"Avaritia_Hawthorne_Variance_Project","v4YknSyk6P0","DINNER AND ALCOHOL <U+2728> <U+3010>HANDCAM<U+3011>","live"
"Avaritia_Hawthorne_Variance_Project","vTABf4Xvb7s","<U+3010>SQUAT CHALLENGE<U+3011>DOING 300 SQUATS WITHOUT GETTING TIRED","live"
"Avaritia_Hawthorne_Variance_Project","vzZ4-t0eVnc","GETTIN' SUPER SOAKED!<U+3010>WATERPARK SIMULATOR<U+3011>","live"
"Avaritia_Hawthorne_Variance_Project","wQXHP7aUaF8","Before He Cheats","short"
"Avaritia_Hawthorne_Variance_Project","wWKPN9LIRck","DON'T STARE TOO LONG, WEIRDO <U+0001F4A2>","live"
"Avaritia_Hawthorne_Variance_Project","wWWUxekYvjA","POP PUNK KARAOKE","live"
"Avaritia_Hawthorne_Variance_Project","-6_UhwQ_mgQ","MONETIZATION BLOOD PARTY","live"
"Avaritia_Hawthorne_Variance_Project","-PWgYLnfvXU","DECAPITATION PRACTICE<U+3010>HANDCAM<U+3011>","live"
"Avaritia_Hawthorne_Variance_Project","0Fg9OuJW_bg","Everything<U+2019>s Gnarly #vtuber","video"
"Avaritia_Hawthorne_Variance_Project","0Mu84BoKIBw","Ava Hawthorne Debut Test 07/19","live"
"Avaritia_Hawthorne_Variance_Project","17AnIPHImYg","Diamond<U+2019>s Are A Girl<U+2019>s Best Friend #vtuber","short"
"Avaritia_Hawthorne_Variance_Project","3rudZU5OxdI","<U+3010>DEBUT 2.0<U+3011>I DON'T SHUT UP<U+3010>Avaritia Hawthorne | VARIANCE PROJECT<U+3011>","live"
"Avaritia_Hawthorne_Variance_Project","4G_ZuS3PpIk","Butt too big #vtuber","short"
"Avaritia_Hawthorne_Variance_Project","8Slx6oWGTVE","Corruption Isn<U+2019>t Evil <U+3010>Avaritia Hawthorne | LORE VIDEO<U+3011>","live"
"Avaritia_Hawthorne_Variance_Project","8tPneD1rA1U","Don<U+2019>t run away. #vtuber","short"
"Avaritia_Hawthorne_Variance_Project","92UUmzflNdQ","BEAN BOOZLED CHALLENGE<U+3010>HANDCAM<U+3011>","live"
"Avaritia_Hawthorne_Variance_Project","BH_WKCjZLR0","Loving you is a game #vtuber","short"
"Avaritia_Hawthorne_Variance_Project","CLMKSEHJ0H8","I MUST FEED...<U+3010>ORGANS, PLEASE<U+3011>","live"
"Avaritia_Hawthorne_Variance_Project","CjfcQxKDdDU","<U+3010>ORIGINAL SONG<U+3011> BURN THE BEAST by Avaritia Hawthorne (Acapella Version)","video"
"Avaritia_Hawthorne_Variance_Project","DTD7gUYIusA","I GET PUNISHED IF I SING THIS WORD...<U+3010>BANNED WORD KARAOKE<U+3011>","live"
"Avaritia_Hawthorne_Variance_Project","E4uE4SM8pIo","Where are you?! #vtuber","short"
"Avaritia_Hawthorne_Variance_Project","EtPxgv8fP3k","VTuber Advice","short"
"Avaritia_Hawthorne_Variance_Project","F-0dP5Br0is","vtuber takes her meds","live"
"Avaritia_Hawthorne_Variance_Project","FQbjmLpm7iw","<U+3010>COVER<U+3011> Dear Maria, Count Me In - All Time Low<U+3010>Avaritia Hawthorne | VARIANCE PROJECT<U+3011>","live"
"Avaritia_Hawthorne_Variance_Project","GC97_SrRRhw","I'M TOO POOR FOR THIS<U+3010>LUCK BE A LANDLORD<U+3011>","live"
"Avaritia_Hawthorne_Variance_Project","IY9e8jq1HoE","<U+3010>TEASER PV<U+3011>Avaritia Hawthorne<U+3010>VTuber Debut<U+3011>","video"
"Avaritia_Hawthorne_Variance_Project","J3rnFgRU-P8","<U+3010>DEBUT STREAM<U+3011>AAAAAAAA<U+3010>Avaritia Hawthorne | VARIANCE PROJECT<U+3011>","live"
"Avaritia_Hawthorne_Variance_Project","JFQJgK83RQc","Biblically Accurate VTuber","short"
"Avaritia_Hawthorne_Variance_Project","MA5bzBsm6WE","Stellar Stellar #vtuber","short"
"Avaritia_Hawthorne_Variance_Project","Q-FIPWhMzDM","<U+3010>ORIGINAL SONG<U+3011> BURN THE BEAST by Avaritia Hawthorne","live"
"Avaritia_Hawthorne_Variance_Project","Qg_ZKXNOLuI","IT<U+2019>S SHOW TIME <U+0001F5E3><U+FE0F> #vtuber","video"
"Avaritia_Hawthorne_Variance_Project","TUeyEJT_bhA","Dirty talk #vtuber","short"
"Avaritia_Hawthorne_Variance_Project","VHKgGMqi5UQ","DISSECTING OWL VOMIT<U+3010>HANDCAM<U+3011>","live"
"Avaritia_Hawthorne_Variance_Project","X9OzmNJi56I","From the Start #vtuber","short"
"Avaritia_Hawthorne_Variance_Project","XK4f0YUFlg8","<U+3010>PEAK<U+3011>I WON'T WANDER OFF I PROMISE<U+3010>EQUILIBRIUM COLLAB | VARIANCE PROJECT<U+3011>","live"
"Avaritia_Hawthorne_Variance_Project","XSTvPdz7IZs","SUP I'M BACK <U+0001F5E3><U+FE0F>","live"
"Avaritia_Hawthorne_Variance_Project","ZHYwdwt91uo","THE SIBLINGS FWICKED?<U+3010>COFFIN OF ANDY & LEYLEY #3<U+3011>","live"
"Avaritia_Hawthorne_Variance_Project","ZatBQh2b1tk","<U+3010>NAtsu MatsuRI Karaoke Relay<U+3011>SUMMER DREAMS #NatMatKaraokeRelay","live"
"Avaritia_Hawthorne_Variance_Project","ZouuBhzRG4g","ANNIHILATION IS THE CURE<U+3010>PLAGUE INC 2<U+3011>","live"
"Avaritia_Hawthorne_Variance_Project","_sfd0OlntP8","SIBLING ""LOVE"" IS SO INTENSE...?<U+3010>COFFIN OF ANDY & LEYLEY #2<U+3011>","live"
"Avaritia_Hawthorne_Variance_Project","a27WS-AMv8k","SKIN ART<U+3010>HANDCAM<U+3011>","live"
"Avaritia_Hawthorne_Variance_Project","agBR9b6eDSk","I WILL EAT YOU<U+3010>PEAK COLLAB<U+3011>","live"
"Avaritia_Hawthorne_Variance_Project","bOqEv0oPWg4","You want to dismantle the system? Expose it. <U+3010>Avaritia Hawthorne | VARIANCE PROJECT<U+3011>","live"
"Avaritia_Hawthorne_Variance_Project","ciro38ceJSU","1 hour of a vtuber screaming broken up by silence","live"
"Avaritia_Hawthorne_Variance_Project","dKyWzPU0_fA","Beyond the Sea #vtuber","short"
"Avaritia_Hawthorne_Variance_Project","ebnX2RoPch0","<U+3010>SQUAT CHALLENGE<U+3011>100 SQUATS OR BUST","live"
"Avaritia_Hawthorne_Variance_Project","h88IOmfH51U","<U+3010>SCHOOL DAZE<U+3011>FECK SCHOOL<U+3010>Avaritia Hawthorne | VARIANCE PROJECT<U+3011>","live"
"Avaritia_Hawthorne_Variance_Project","hcLZK_YZpek","I got her to break #vtuber","short"
"Avaritia_Hawthorne_Variance_Project","jZwEUEnk_uA","Will everything go right? #vtuber","video"
"Avaritia_Hawthorne_Variance_Project","k84ImiUcjbE","<U+3010>100% ORANGE JUICE<U+3011>i'm juicy<U+3010>EQUILIBRIUM COLLAB | VARIANCE PROJECT<U+3011>","live"
"Avaritia_Hawthorne_Variance_Project","l8VGjLBrDkI","Gun kink #vtuber","short"
"Avaritia_Hawthorne_Variance_Project","l8qWXOOndXU","I<U+2019>m not coping at all #vtuber","short"
"Avaritia_Hawthorne_Variance_Project","mZBc3-vJ5Dw","Should I give up? #vtuber","video"
"Avaritia_Hawthorne_Variance_Project","mcZtpaskubw","Do you see me now? #vtuber","short"
"Avaritia_Hawthorne_Variance_Project","tfnrfNxO0cI","VOICE ACTING SIBLING ""LOVE""<U+3010>COFFIN OF ANDY & LEYLEY #1<U+3011>","live"
"Avaritia_Hawthorne_Variance_Project","6yQZFpKQ8E8","Am I still into you? #vtuber","video"
"Avaritia_Hawthorne_Variance_Project","9fV8gMc6eZs","Don<U+2019>t embarrass me, motherf*cker #shorts","short"
"Avaritia_Hawthorne_Variance_Project","QTfkuMlLuuA","STOP SAYING THIS!!!! #shorts","short"
"Avaritia_Hawthorne_Variance_Project","RBkJehPrLfg","DO YOU PICK DEATH OR LOVE? #vtuber","short"
"Avaritia_Hawthorne_Variance_Project","T-73Sc_7Lfo","You<U+2019>ve suffered enough. Help us build what comes next. <U+3010>Avaritia Hawthorne | VARIANCE PROJECT<U+3011>","live"
"Avaritia_Hawthorne_Variance_Project","YM33NtanqHo","My first impression of Twitter #shorts","short"
"Avaritia_Hawthorne_Variance_Project","_uJtc9_bOYs","I<U+2019>m an innocent woman #vtuber","video"
"Avaritia_Hawthorne_Variance_Project","joBtMgWrcp4","Thoughts on vtubers? #shorts","video"
"Avaritia_Hawthorne_Variance_Project","od9w61siDOc","I owe $300<U+2026> #vtuber","short"
"Avaritia_Hawthorne_Variance_Project","owM6qOsQYnw","AVA LA AVALUTION #shorts","short"
"Avaritia_Hawthorne_Variance_Project","p-qJ1Ycc-Uw","Kataomoi (One-sided Love) #vtuber","video"
"Avaritia_Hawthorne_Variance_Project","xN7pqWuj9p0","This Hell is better with you #shorts","short"
"Avaritia_Hawthorne_Variance_Project","zS9SXxPRRXg","<U+3010>COVER<U+3011> My Sweet Heart - Tokyo Mew Mew (Rock Version)<U+3010>Avaritia Hawthorne | VARIANCE PROJECT<U+3011>","video"
"Avaritia_Hawthorne_Variance_Project","-DKfOVi3wyY","BONING<U+3010>HANDCAM<U+3011>","live"
"Avaritia_Hawthorne_Variance_Project","-E4SRtyDvb0","oh, there you are. i've been looking for you forever. <U+3010> #GLEEKATHONRELAY <U+3011>","live"
"Avaritia_Hawthorne_Variance_Project","02v1ASUwH5E","Ava Hawthorne Performance 2026","video"
"Avaritia_Hawthorne_Variance_Project","HFxG0-aBbP8","GLEEKATHON TRAILER","video"
"Avaritia_Hawthorne_Variance_Project","IEZq4LWUwzU","BLOODY HOT SPRING <U+0001F49E>","live"
"Avaritia_Hawthorne_Variance_Project","KREh3bVMjPc","<U+3010>COVER<U+3011>Snow Halation - <U+03BC>'s  (ACAPELLA)","video"
"Avaritia_Hawthorne_Variance_Project","MpYwhrfQ6YY","FIRST KARAOKE OF 2026","live"
"Avaritia_Hawthorne_Variance_Project","ODFqfXkCR4I","Cough Syrup","short"
"Avaritia_Hawthorne_Variance_Project","WPjNFqLYGrM","umpayoi umapyoi","short"
"Avaritia_Hawthorne_Variance_Project","_MgNkR7uylY","SURVIVING IS EASY. DUH.<U+3010>DON'T STARVE TOGETHER<U+3011>","live"
"Avaritia_Hawthorne_Variance_Project","nyWeDyd6IVA","6 MONTH ANNIVERSARY KARAOKE FOR 6 HOURS","live"
"Avaritia_Hawthorne_Variance_Project","tduAtQuE4YI","Test Stream 01/17/2026","live"
"Avaritia_Hawthorne_Variance_Project","vWTPwCpBw0k","LAST TIME YOU'LL SEE THE OUTFIT, GOT IT?! <U+0001F4A2>","live"
"Avaritia_Hawthorne_Variance_Project","xifCdHyYglQ","GOTTA DO MY NAILS <U+0001F485><U+3010>MEMBERS ONLY<U+3011>","live"
"Avaritia_Hawthorne_Variance_Project","ynfh5uq1CxA","<U+3010>COVER<U+3011>SPARK<U+2010>AGAIN - Aimer<U+3010>Avaritia Hawthorne<U+3011>","live"
"Avaritia_Hawthorne_Variance_Project","Ea9v3rBc3nY","DRAGON OR DRAGONOID?","live"
"Avaritia_Hawthorne_Variance_Project","fpGAzhK-txo","#GLEEKATHONRELAY CLOSING CEREMONY","live"
"Avaritia_Hawthorne_Variance_Project","r4fQpTKTvyA","this is a chill stream<U+3010>MEMBERS ONLY<U+3011>","live"
"Avaritia_Hawthorne_Variance_Project","JjcZ9MyZhxE","you want milk in your latte? <U+0001F37C>","live"
"Avaritia_Hawthorne_Variance_Project","kT3CDelkBfc","FIRST TIME PLAYING W/ EYE TRACKER<U+3010>SNOWBREAK: CONTAINMENT ZONE<U+3011>","live"
"Avaritia_Hawthorne_Variance_Project","n2alQtSdrxc","karaoke but it's with my booba","live"
"Avaritia_Hawthorne_Variance_Project","HnWrhv4pVF4","ACE ATTORNEY 7 PLEASE<U+3010>NINTENDO DIRECT<U+3011>","live"
"Avaritia_Hawthorne_Variance_Project","4jjylq9DrPM","HEARTS IN HARMONY KARAOKE RELAY","live"
"Avaritia_Hawthorne_Variance_Project","pu-ecwt7CZo","NOT ALONE ON VALENTINE'S KARAOKE RELAY","live"
"Avaritia_Hawthorne_Variance_Project","tvGOq1K_IDg","I ONLY WANT TO HURT YOU <U+0001F49E><U+3010>MY BLOODY VALENTINE RELAY<U+3011>","live"
"Katya_Sable_Variance_Project","2I4HztTU76U","FISTFULL OF FUN  #vtuber #vtuberclips","short"
"Katya_Sable_Variance_Project","44ILtjYDdW0","Dog Slander","short"
"Katya_Sable_Variance_Project","4TsQp6WfWx8","Im not a dog person, they frighten me [Rantcast]","live"
"Katya_Sable_Variance_Project","4iFvJoIV1Mo","ESCAPING THE DEPTHS OF NEOCITIES","live"
"Katya_Sable_Variance_Project","5ka4pz3k-xo","NOT THE CROWN!!!??","short"
"Katya_Sable_Variance_Project","7jWyBaYOkko","My Personal disdain over Just Stop Oil","video"
"Katya_Sable_Variance_Project","CrkZsYC62xA","Katya Christmas Caroling wait what is that -","live"
"Katya_Sable_Variance_Project","DYda-GUqCB8","Ethical cannibalism wont work [until we solve organ harvesting]","video"
"Katya_Sable_Variance_Project","EKWXGEPLBck","Stuck in a LIAR'S BAR with Leia,Yena and Shekai","live"
"Katya_Sable_Variance_Project","I06LK8Ov1hM","MORE dog slander","short"
"Katya_Sable_Variance_Project","IecfPEiNsvY","oh gosh im jacking my ripper oughh PT5","live"
"Katya_Sable_Variance_Project","IrCGabTdVtE","MAKING FUNNY BLACK POWEDER WITH @AvaritiaHawthorne IN SCHEDULE 1","live"
"Katya_Sable_Variance_Project","Ix0X-0oQq9I","INTERVEIWING The perfect weapon [Art/Zatsu]","live"
"Katya_Sable_Variance_Project","Ko0GW_qXN-I","WHO ARE ALL YOU PEOPLE [10k RantZatsu]","live"
"Katya_Sable_Variance_Project","MlwsICH75lg","The ultimate outcome of adult loneliness and social skills not being learnt","video"
"Katya_Sable_Variance_Project","Ngtk6smZeEg","What is a chicken horse <U+3010>EQUILIBRIUM COLLAB | VARIANCE PROJECT<U+3011>","live"
"Katya_Sable_Variance_Project","OtoTLN6QrQo","IRONMAIDEN #vtuber #vtuberclips","short"
"Katya_Sable_Variance_Project","PQEDo8oiXcY","sherlock homes VS Jack the ripper : I WANNA FINISH THIS MF","live"
"Katya_Sable_Variance_Project","PqictVLAQLE","Adults acting like children, not for whimsy, but lack of responsibility [Rantcast]","live"
"Katya_Sable_Variance_Project","RtXmwpk9Q3s","PROCESS #vtuber #vtuberclips","video"
"Katya_Sable_Variance_Project","TQrqOqq1ahA","DEFEAT MY ARCH NEMISIS","short"
"Katya_Sable_Variance_Project","UD_xEt9Dtkc","Forced Individualism and Over-Blending of culture is Cancer","video"
"Katya_Sable_Variance_Project","V3hoKjdjv5Q","so i mixed up psycho and socio #vtuber #vtuberclips","short"
"Katya_Sable_Variance_Project","VG0ihVEoT74","Letting fandoms dictate your morality instead of the inverse is weakness [Rant]","live"
"Katya_Sable_Variance_Project","X9MTYveItkM","imBurns #vtuber  #vtuberclips","video"
"Katya_Sable_Variance_Project","Yl2OlGfVuvo","Ascending using a power beyond human understanding","live"
"Katya_Sable_Variance_Project","Z6zJilcj9XE","Singing ""December Makes Me Feel This Way"" While bleeding out in the snow","video"
"Katya_Sable_Variance_Project","Z8bz6HNjizY","EVERYTHING is Hollywood [Rantcast]","live"
"Katya_Sable_Variance_Project","_2GeQEg-yxA","Stuck in a LIAR'S BAR - Community Gauntlet","live"
"Katya_Sable_Variance_Project","_TBESJ3M_-A","Doner? I dont even KNOW her #vtuber #vtuberclips","video"
"Katya_Sable_Variance_Project","bn5U5Vh2AYE","A Polite society needs a strong death penalty","video"
"Katya_Sable_Variance_Project","bvhBS4xmfTI","I GOT A CONTROLLER NOW SO FINAL? PUBLIC GAMING STREAM BEFORE MEMBER EXCLUSIVITY UNLESS IM A LIAR","live"
"Katya_Sable_Variance_Project","crierce2AEk","THROUGH SHEER CHRISTMAS MAGIC I HAVE BROUGHT WHIMSY TO CAIRON","live"
"Katya_Sable_Variance_Project","dzOIuZEtcBU","Its over before its vegun #vtuber #vtuberclips","video"
"Katya_Sable_Variance_Project","g5HICekH9Uc","Modern food printing science is suspicious","video"
"Katya_Sable_Variance_Project","gLgoEruZV1M","Gnomes are Europe","short"
"Katya_Sable_Variance_Project","h8W5atP8rc4","Personal theories about-  [Rantcast]","live"
"Katya_Sable_Variance_Project","hrx68P2uv1o","WHAT IS TEMPLE OS??","live"
"Katya_Sable_Variance_Project","jNsEBKDq7aI","WE NEED TO CRUSH THE GNOMES SPIRITS [Rantcast]","live"
"Katya_Sable_Variance_Project","ls7hiuzvunY","kingsno  #vtuber #vtuberclips","short"
"Katya_Sable_Variance_Project","mKp2_nz2RIA","Katya's worst opinion","short"
"Katya_Sable_Variance_Project","nORVfKm9MlM","It's not just Nostalgia, Video games really did used to be better  [RANTCAST]","live"
"Katya_Sable_Variance_Project","p6735EuWe-E","WHAT A DECEMBER, ABSOLUTE COAL [Rantcast]","live"
"Katya_Sable_Variance_Project","qHKgwHyCveQ","IN ONE SITTING, TOMB RAIDER 1 REMASTERED, BECAUSE IM OUT OF WHIMSY","live"
"Katya_Sable_Variance_Project","rMC3KyK1Tjs","Inferiority/Superiority Complex's are the WORST to handle in a workplace [Rantcast]","live"
"Katya_Sable_Variance_Project","rUSplk3Lh8c","Rating Christmas decorations by how effectively i could use them as weapons","live"
"Katya_Sable_Variance_Project","rh5EDcsOcN8","INSANE [10k celebration cover] Hazbin Hotel - sung by KATYA SABLE","live"
"Katya_Sable_Variance_Project","uUeZgq8sR6E","Historical Human execution methods and the merits of the death penalty","live"
"Katya_Sable_Variance_Project","v6DK1bOh8fQ","Many such cases #vtuber #vtuberclips","short"
"Katya_Sable_Variance_Project","yCBiKz20aeM","RottonOrgansOmonomonomomn  #vtuber #vtuberclips","short"
"Katya_Sable_Variance_Project","-E2Uhivz2EA","CHATTING IN THE CASINO","live"
"Katya_Sable_Variance_Project","2_5PUIzN4tM","Wait, this isn't Disney? | BYE SWEET CAROLE - LAUNCH DAY","live"
"Katya_Sable_Variance_Project","3YIh6ASfaLo","What can we get away with [ZATSU]","live"
"Katya_Sable_Variance_Project","78iYXBgIB1o","THE MEAT SINGULARITY [rant barcast]","live"
"Katya_Sable_Variance_Project","BPudBr1XZ6A","ICEPICK LOBOTOMIES [rant barcast]","live"
"Katya_Sable_Variance_Project","BqNmEq3i4LE","Ai: The Somnium Files [Pt.6] THIS IS GETTING WEIRD","live"
"Katya_Sable_Variance_Project","BvEHBZaAJTg","We be castin spells | CARTER'S QUEST PT3","live"
"Katya_Sable_Variance_Project","BzBFYaO8xaI","sherlock homes VS Jack the ripper : Lets get Ripped PT3","live"
"Katya_Sable_Variance_Project","DiqbKW3iXTg","SOUTH PARK: STICK OF TRUTH in 2025 [PT3]","live"
"Katya_Sable_Variance_Project","EHyM-ek5ZOE","Modern Activists destroying art history isn't quirky, it makes me hate your cause  [RANTCAST]","live"
"Katya_Sable_Variance_Project","Gbu4_J18ukQ","RUNNING IN THE THIRD DIMENSION WITH @FangsieFido","live"
"Katya_Sable_Variance_Project","Gz620JT6-8Y","NOOB digs to China for fun and profit | VIVARIASMP WAVE 3","live"
"Katya_Sable_Variance_Project","IqmoJtqB2as","WOMAN MOMENTS AND CANADIANS | SouthPark Stick of Truth - 4","video"
"Katya_Sable_Variance_Project","JtIVgae154M","Saving the hat man | BYE SWEET CAROLE - SECOND PART","live"
"Katya_Sable_Variance_Project","K-epALIK-Q8","Prologue : The Sable Tragedy [DEBUT LORE VIDEO]","video"
"Katya_Sable_Variance_Project","LDq2hhBEbEw","GAMESCON WATCHALONG - THEN SOUTH PARK: STICK OF TRUTH in 2025 [PT5]","live"
"Katya_Sable_Variance_Project","Lydut-1Soh0","sherlock homes VS Jack the ripper to feel something","live"
"Katya_Sable_Variance_Project","N6QWArEldt4","Creating blackmail of my Chaptermates to watch the world burn","live"
"Katya_Sable_Variance_Project","NTYqljEaUlg","BORTHDAY FOLLOWUP ZATSU - THEN sherlock homes VS Jack the ripper","live"
"Katya_Sable_Variance_Project","OEDWrkTiXYw","Zelda if the Shadow Wizard Money Gang turned me into a JoJo character | CARTER'S QUEST EP 1","video"
"Katya_Sable_Variance_Project","OHh4mRf6naw","Members only karaoke [I dont know what i'm doing]","live"
"Katya_Sable_Variance_Project","P9wcJZtXSyQ","ONCE IN A MILLION YEARS [Blackmores Night] [Cover by Katya]","video"
"Katya_Sable_Variance_Project","ReowA2eL10o","Wait this isn't Ocarina of time | CARTER'S QUEST","live"
"Katya_Sable_Variance_Project","TQs37wP_nzk","Designing a BOARD GAME with CHAT","live"
"Katya_Sable_Variance_Project","UHyPVDkLEQY","Ai: The Somnium Files [Pt.3] 2 DEAD, CAN WE MAKE IT 3?","live"
"Katya_Sable_Variance_Project","Vf8J4h8ODMA","Ai: The Somnium Files [Pt.1] I DONT TRUST THIS PRETTYBOY","live"
"Katya_Sable_Variance_Project","VvchH-n1wnM","KATYA'S BIRTH - Wait... what's that i<U+0337><U+030C><U+0313><U+033E><U+0353><U+031F>n<U+0337><U+0300><U+0350><U+035A><U+031D> <U+0337><U+035D><U+0331><U+0320>t<U+0335><U+0303><U+0352><U+030E><U+0333><U+0327>h<U+0336><U+0358><U+031D><U+0354>e<U+0334><U+0352><U+0342><U+0310><U+034D><U+0321><U+0325> <U+0335><U+030E><U+0351><U+0339><U+0324><U+033A>s<U+0335><U+030B><U+030E><U+0322><U+0323>k<U+0337><U+0341><U+030E><U+031F><U+0339><U+032B>y<U+0338><U+033F><U+0307><U+031E><U+0353>","live"
"Katya_Sable_Variance_Project","WE362U_HYxM","Ai: The Somnium Files [Pt.2] We saved a sister, now i dont trust the pink haired female manipulator","live"
"Katya_Sable_Variance_Project","XF4B8EtQIUM","MATCHING COSTUMES?? Halloween mission with @FangsieFido and @RestaVT","live"
"Katya_Sable_Variance_Project","_M19AgG7KEQ","The Entertainment complex in its current form","live"
"Katya_Sable_Variance_Project","_a1hVJfNNTQ","PLAYING SHADOWS OF THE DAMNED","live"
"Katya_Sable_Variance_Project","c7QL_SCqRDI","Hot vs Hidden character design, censorship, sensationalism [rant barcast]","live"
"Katya_Sable_Variance_Project","cR4nGNsyJVs","Why objective distinction between PEAK vs MID entertainment MATTERS","live"
"Katya_Sable_Variance_Project","dv8KoCLxkGk","COOLEST TO LAMEST WAY TO BE DEMONOTIZED [MONOTIZATION CELEBRATION]","live"
"Katya_Sable_Variance_Project","ebfwTXaByoU","BETRAYAL, TACO BELL AND NAZIGOO | SouthPark Stick of Truth - 3","video"
"Katya_Sable_Variance_Project","fTrMD1ztDsc","Ai: The Somnium Files [Pt.4] I HATE OTA I HATE HIM I HATE HIM-","live"
"Katya_Sable_Variance_Project","iTF-_LFI7Xg","CRACKHEAD COFFEE | SouthPark Stick of Truth - 2","video"
"Katya_Sable_Variance_Project","jHuIuKK-zTg","AFTERHOURS IN THE BAR WITH @AvaritiaHawthorne","live"
"Katya_Sable_Variance_Project","joTFldwWWIA","I HATE VIRAL NORMIESLOP","live"
"Katya_Sable_Variance_Project","kMLYSoVH9JE","Carter's power is unrivaled... Fasionista | CARTER'S QUEST PT2","live"
"Katya_Sable_Variance_Project","krl_cf7OftI","SOUTH PARK: STICK OF TRUTH in 2025 [PT4]","live"
"Katya_Sable_Variance_Project","l_JQ9FfH8Ds","VeXpo The good, the bad, and the European [THEN] Ai: The Somnium Files [Pt.5]","live"
"Katya_Sable_Variance_Project","mBzhGZel-aY","sherlock homes VS Jack the ripper | i love nic cage and jshlatt","live"
"Katya_Sable_Variance_Project","pse5YX1ebVQ","My eternal fight with vegans [rant barcast]","live"
"Katya_Sable_Variance_Project","roKMK9WUU10","Is it the start of the end? Reacting to AI 2027/Theorizing/Breaking down what we publicly know","live"
"Katya_Sable_Variance_Project","uVcSS-J4Y9E","DONT MAKE ME DO IT!!!  | SouthPark Stick of Truth - 5 [END]","video"
"Katya_Sable_Variance_Project","uYVfLFTZbqY","[Summer Nights] Whats the Song of the summer? | VarPro","live"
"Katya_Sable_Variance_Project","uuaQdaO1_fM","AFTERHOURS IN THE BAR what a LONG week","live"
"Katya_Sable_Variance_Project","zRBKXWuCY6o","What makes an ICONIC and MEMORABLE character design? [Casino edition]","live"
"Katya_Sable_Variance_Project","2S1vOnMHeUE","SABLETONS [AMBIENT CASINO CHATTER]","video"
"Katya_Sable_Variance_Project","3zV_X9u5_MU","Punk","short"
"Katya_Sable_Variance_Project","7vAMJPrCy0w","<U+3010>DEBUT STREAM<U+3011>All In On Red!<U+3010>Variance Project<U+3011>","live"
"Katya_Sable_Variance_Project","8_wQ9lwSs_U","bolice","short"
"Katya_Sable_Variance_Project","9_Xn9KUJ_IU","GOLD STANDARD","video"
"Katya_Sable_Variance_Project","EEzHyxtwO88","<U+3010>TEASER PV<U+3011>Katya Sable<U+3010>VTuber Debut<U+3011>","video"
"Katya_Sable_Variance_Project","EgcjWorPwp8","CAIRON TRADITION : VALOURBANE","video"
"Katya_Sable_Variance_Project","FXrtqBAyLC0","Noju","short"
"Katya_Sable_Variance_Project","GU8rQO2VsDM","GLADIATOR","short"
"Katya_Sable_Variance_Project","HqdZeqC5ctQ","jonking","short"
"Katya_Sable_Variance_Project","IEUGfl7E_sc","Casino business meeting with @AvaritiaHawthorne","video"
"Katya_Sable_Variance_Project","Iy1RTVkTPbI","Test","live"
"Katya_Sable_Variance_Project","LIxPYjCnwnY","BOYBAND","short"
"Katya_Sable_Variance_Project","MOp17SX-Cjo","Built different","short"
"Katya_Sable_Variance_Project","MhXO1ar69H0","The Issues with Adaptation [ZATSU first then Jekyll and Hyde GAMEPLAY ]","live"
"Katya_Sable_Variance_Project","Qjs3v3_-x2M","[Visiting Katya's Office] VARPRO","video"
"Katya_Sable_Variance_Project","RSpKdXJL_LI","SOUTH PARK: STICK OF TRUTH in 2025 [pt 2][ Katya Sable VARPRO]","live"
"Katya_Sable_Variance_Project","Rc123Z0lXaE","Casinos are wussies","short"
"Katya_Sable_Variance_Project","UlGoNmurzKU","stard war","short"
"Katya_Sable_Variance_Project","VgEOinQTDVo","My magic is","short"
"Katya_Sable_Variance_Project","ViCj9JRumIY","Inclusive?","short"
"Katya_Sable_Variance_Project","XsuRZ8p5uPo","H8r","short"
"Katya_Sable_Variance_Project","YKkFh8jeXLc","FEED THE MACHINE","video"
"Katya_Sable_Variance_Project","YsOe8zx92XQ","six offender","short"
"Katya_Sable_Variance_Project","YySDuPMCEoo","Knockers","short"
"Katya_Sable_Variance_Project","ZuXB8paq1LE","DEBUT 2.0 - THE GOOD, THE BAD, AND THE SABLE","live"
"Katya_Sable_Variance_Project","aY4KL3LvBPQ","Self Shelfulization","short"
"Katya_Sable_Variance_Project","aZrrvedKMzE","serialsexers","short"
"Katya_Sable_Variance_Project","b2wRnyEoHpM","CASINAUHR","short"
"Katya_Sable_Variance_Project","c39ecaT5eV8","<U+3010>DEBUT All In On Red! [DIRECTORS CUT]<U+3010>Variance Project<U+3011>","video"
"Katya_Sable_Variance_Project","cOF8qBrdJXg","REVITALIZE THE MEME","short"
"Katya_Sable_Variance_Project","enqPYPxsEPs","Cheating should be allowed if its funny","short"
"Katya_Sable_Variance_Project","gS_NvC-hZJ8","PEAK with all of [VARIANCE PROJECT]","live"
"Katya_Sable_Variance_Project","hQhEwM4as5A","GROKED UP","short"
"Katya_Sable_Variance_Project","ijydSsXuo6k","STATISTICS ARE IN YOUR FAVOUR","short"
"Katya_Sable_Variance_Project","iss8UQNaWZ8","serial letters","short"
"Katya_Sable_Variance_Project","nYgpEN1gBNo","SOUTH PARK: STICK OF TRUTH in 2025 [Katya Sable VARPRO]","live"
"Katya_Sable_Variance_Project","sEb8gViP7_8","THE BENEFITS OF COLONIZATION [ZATSU]","live"
"Katya_Sable_Variance_Project","tt32P5KvPtA","BALATRO at SABLETONS","live"
"Katya_Sable_Variance_Project","vhPPk1Od4og","what girl","short"
"Katya_Sable_Variance_Project","vnfG8VlqVPc","pornbrain","short"
"Katya_Sable_Variance_Project","y6rr3v0TtPg","Plastic straws my beloved","video"
"Katya_Sable_Variance_Project","yOAX9rcGsS4","Your favourite is ruined","short"
"Katya_Sable_Variance_Project","yqvGZ7VfR34","Teirlist","short"
"Katya_Sable_Variance_Project","zrqpAFUTRNo","GORDON RAMSEY","short"
"Katya_Sable_Variance_Project","MLO5d-Ucvfc","6 MONTH EQUILIBRIUM CELEBRATION ZATSU WITH THA GIRLS","live"
"Katya_Sable_Variance_Project","sLPf0-Hm7ds","millennial storytelling and why it<U+2019>s responsible for Gen Alpha brainrot","live"
"Katya_Sable_Variance_Project","v17Vz_Dqi_8","AN ADVENTURE WITH LEIA AN THE ADVENTURE TWINS- Waiting redirect room","live"
"Katya_Sable_Variance_Project","NDPlUozUcN0","25","live"
"Katya_Sable_Variance_Project","cOb2nSxmkHs","27","live"
"Katya_Sable_Variance_Project","yKR95mBms1k","Should content creators be REQUIRED to be political [while playing blue protocal]","live"
"Katya_Sable_Variance_Project","4fSVz22fLgA","28","live"
"Katya_Sable_Variance_Project","ccRUhC65wqQ","Ranting about Predatory online spaces for the mentally unwell and -18, while cloverpit plays","live"
"Katya_Sable_Variance_Project","drKwomAh43o","WORKING ON TOP SECRET PROJECT","live"
"Katya_Sable_Variance_Project","DkkB7ugKbMY","What in tarnation is this freak- GARN 47","live"
"Katya_Sable_Variance_Project","rGjorhfNCUw","MEMBERS lowkey casino chat/working","live"
"Katya_Sable_Variance_Project","Rd9dKrvJf70","10","live"
"Katya_Sable_Variance_Project","qYcHlM1Kpwg","Copy of MEMBERS models, music, 3d, winding down from insanity - reupload because it got nuked lol","video"
"Leia_Memoria_Variance_Project","-67n4m1gOHU","Day 11 Minu Hana","short"
"Leia_Memoria_Variance_Project","02t4eCRctRk","Day 5 christmas mem","short"
"Leia_Memoria_Variance_Project","0CPJh-jwCXU","Leia Day 3 Advent calendar","short"
"Leia_Memoria_Variance_Project","1xQOXiSYljY","Day 6 skye","short"
"Leia_Memoria_Variance_Project","4xIeTrlzxQE","DAY 14 letikobo","short"
"Leia_Memoria_Variance_Project","6_06JbyF6l0","DAY 24 Kuni","short"
"Leia_Memoria_Variance_Project","BSobLXKnheA","Last Stream..... of 2025 !!!!","live"
"Leia_Memoria_Variance_Project","D1EDXg6lw2I","DAY 20 Paige","short"
"Leia_Memoria_Variance_Project","DsgeJqkq8p4","DAY 21 FYUURIE","short"
"Leia_Memoria_Variance_Project","EXSQ3IbWwiY","Day 16 Ekkomori","short"
"Leia_Memoria_Variance_Project","EfdycL0m1j0","DAY 23 Alicja Meromune","short"
"Leia_Memoria_Variance_Project","ElcRfv7OUsU","Day 17 poko","short"
"Leia_Memoria_Variance_Project","EtdV73B-Y04","<U+3010>3DIO ASMR<U+3011>Vtuber Handcam | Soft triggers for a good night sleep<U+0001F319>","live"
"Leia_Memoria_Variance_Project","GJ4N_jMrdZM","Jane Doe - Short Cover test","video"
"Leia_Memoria_Variance_Project","GQaITKebvaA","AAA I HAVE TOO MUCH TO RECORD !!!!<U+3010>Working Stream<U+3011>","live"
"Leia_Memoria_Variance_Project","IwGmzR5oSSM","OUGHHH SO MUCH TO DOOOOO<U+3010>Working Stream<U+3011>","live"
"Leia_Memoria_Variance_Project","K_wulo_oKBU","Happy 2026 !!!!!!<U+3010>Pass on the joy karaoke relay<U+3011>","live"
"Leia_Memoria_Variance_Project","RmIg25FvlMk","Rating how comfortable the Uma Musumes racewear look","live"
"Leia_Memoria_Variance_Project","SUOiMzdAZTU","Granny Hot Wheels' first time in Los Santos<U+3010>GTA #VTRP<U+3011>","live"
"Leia_Memoria_Variance_Project","TZudqmVROKk","Day 10 Phymn","short"
"Leia_Memoria_Variance_Project","VhgL8fCgZr4","Getting you ready for Endfield | Starting a new Arknights account<U+3010>STORY PLAYTHROUGH PT.1<U+3011>","live"
"Leia_Memoria_Variance_Project","YnMQo-P9_CQ","A Christmas Concert...?","live"
"Leia_Memoria_Variance_Project","YvEvDlcjqAo","Day 4 Lucky","short"
"Leia_Memoria_Variance_Project","Z1Q2dzOqfhQ","Iris Out Dance","short"
"Leia_Memoria_Variance_Project","ZjApR62dkPQ","DAY 19 Lan Philia","short"
"Leia_Memoria_Variance_Project","_YFTGGhQ-Wg","Ending 2025 with a bang of joy and kindness!<U+3010>2025 Wrap-Up Karaoke Relay<U+3011>","live"
"Leia_Memoria_Variance_Project","b9iAQsBZEE8","DAY 13 Miel","short"
"Leia_Memoria_Variance_Project","bHrN08uBmPs","Day 18 Rius","short"
"Leia_Memoria_Variance_Project","bzXd1KucVpY","Bullying the narrator into giving me more endings<U+3010>The Stanley Parable ULTRA DELUXE<U+3011>","live"
"Leia_Memoria_Variance_Project","f5QAgXYH5hs","DAY 22 Katya sable","short"
"Leia_Memoria_Variance_Project","fcXu61Q_78c","CocktaiL / XYZ (Birthday Cover Acapella ver.)","video"
"Leia_Memoria_Variance_Project","fcm9d6vLXdc","Day 15 Squiiji","short"
"Leia_Memoria_Variance_Project","gEllV6HYFV4","<U+3010>3DIO ASMR<U+3011>Vtuber Handcam | Tingles to help you sleep<U+0001F319>","live"
"Leia_Memoria_Variance_Project","gk8V_2cAx7E","Reading Arknights story so you don't have to<U+3010>STORY PLAYTHROUGH PT.2<U+3011>","live"
"Leia_Memoria_Variance_Project","km8dgb2OsjY","day 12 okami levvimi","short"
"Leia_Memoria_Variance_Project","n-5pmUB29PE","Day 7 Ginya","short"
"Leia_Memoria_Variance_Project","n0XjkmgwIGs","Doodling vtubers before Holiday Matsuri Meet & Greet<U+3010>Doodle & Chat<U+3011>","live"
"Leia_Memoria_Variance_Project","n9PHEpE7xcg","POV : You catch Leia trying to be cool and edgy during karaoke","short"
"Leia_Memoria_Variance_Project","psn1NC4H0O4","Chatting while making a new Gogh room for us !!","live"
"Leia_Memoria_Variance_Project","rcjA68p3zKg","Reading you the Arknights main story<U+3010>STORY PLAYTHROUGH PT.3<U+3011>","live"
"Leia_Memoria_Variance_Project","sLb_gnA0734","Kain<U+00E9>/Salvation (live karaoke)","short"
"Leia_Memoria_Variance_Project","uivetANhyXY","My job at the EMT is ded so I'm opening a power washing service","live"
"Leia_Memoria_Variance_Project","vBh3MNWMlnw","Suggest me vtubers to doodle<U+3010>Doodle & Chat<U+3011>","live"
"Leia_Memoria_Variance_Project","vaO7BRihan8","Day 9 lomi","short"
"Leia_Memoria_Variance_Project","we8Ncgh3SvQ","A... Twelve Minutes stream?","live"
"Leia_Memoria_Variance_Project","wpv4WMNIS2I","Can I break the game before it breaks me?<U+3010>The Stanley Parable ULTRA DELUXE<U+3011>","live"
"Leia_Memoria_Variance_Project","y9wFKoXmsCU","Immersive Karaoke practice - Full Moon Full Life","video"
"Leia_Memoria_Variance_Project","yNoDo27EE-U","Let's chat ! :  Making goals and resolutions for 2026 !","live"
"Leia_Memoria_Variance_Project","zahclOmnHC8","Day 8 kouya","short"
"Leia_Memoria_Variance_Project","zcOPDtfOFF0","Granny Hot Wheels' EMT arc !!!<U+3010>GTA #VTRP<U+3011>","live"
"Leia_Memoria_Variance_Project","-gguWmvIjZs","DON'T GET CAUGHT<U+3010>INSIDE - Full Game<U+3011>","live"
"Leia_Memoria_Variance_Project","0F1cqxqiuCo","This AI feels a bit too alive<U+2026><U+3010>Buddy Simulator 1984 | FULL GAME<U+3011>","live"
"Leia_Memoria_Variance_Project","0acSxF0rnxI","<U+3010><U+6B4C><U+3063><U+3066><U+307F><U+305F><U+3011>CocktaiL / XYZ (Birthday Cover)","live"
"Leia_Memoria_Variance_Project","1hoRxoAip50","I lost my 50/50 to her | Encore Story Reaction<U+3010>Wuthering Waves<U+3011>","live"
"Leia_Memoria_Variance_Project","2YEyPTY3ZyA","Doushite feat.@RiusIsonder","short"
"Leia_Memoria_Variance_Project","2lYsRj0ZeZs","There can be only one winner !! (me)","live"
"Leia_Memoria_Variance_Project","3IaCxBv2b8Q","First time Undertale ! Let's play part.2","live"
"Leia_Memoria_Variance_Project","40sWZxyZjt0","Advent Calendar DAY 1 : Tsurugi Nen","short"
"Leia_Memoria_Variance_Project","4tAfgHyNVTE","<U+3010>3DIO ASMR<U+3011>Vtuber Handcam | Helping you get a good night sleep<U+0001F319>","live"
"Leia_Memoria_Variance_Project","6UpVn4DaAmw","Tell me if I get something good !!<U+3010>Pokemon TCG Unboxing Handcam<U+3011>","live"
"Leia_Memoria_Variance_Project","7Fb_reBg_P8","Are humans the real horror?<U+3010>Mouthwashing | FULL GAME<U+3011>","live"
"Leia_Memoria_Variance_Project","8LTKHY0ALGA","Free game btw !!! | 2.7 part 2 Story Reaction<U+3010>Wuthering Waves<U+3011>","live"
"Leia_Memoria_Variance_Project","9WadrrTvebE","Astral Harmonies<U+3010>BIRTHDAY CONCERT<U+3011>","live"
"Leia_Memoria_Variance_Project","DP27knUR7I8","A few pulls and a dream | 2.7 Qiuyuan Story Reaction<U+3010>Wuthering Waves<U+3011>","live"
"Leia_Memoria_Variance_Project","Dd8L-s9dbVg","Ara day 2 calendar","short"
"Leia_Memoria_Variance_Project","DqGzymidiM0","<U+3010>3DIO ASMR<U+3011>Relaxing sounds of Autumn<U+0001F342> | Autumn Hush Harvest Relay","live"
"Leia_Memoria_Variance_Project","FfmLg76S060","Daddy daddy Do feat.@OKamiWulf","short"
"Leia_Memoria_Variance_Project","GfpHQqNGj0M","I'M GETTING RAGE BAITED BY A GAME","live"
"Leia_Memoria_Variance_Project","GpFEGMSqtsk","<U+3010>Karaoke | <U+6B4C><U+67A0><U+3011>Singing old Vocaloid songs !!!","live"
"Leia_Memoria_Variance_Project","HLUAilfTM1o","6-7 gacha curse","video"
"Leia_Memoria_Variance_Project","JZoYhHcItnM","How good is an artist's memory ?<U+3010>Drawing from Memory<U+3011>","live"
"Leia_Memoria_Variance_Project","LJFFkCtubL4","<U+3010>3DIO ASMR<U+3011>Vtuber Handcam | Comfy tingles to help you sleep<U+0001F319>","live"
"Leia_Memoria_Variance_Project","NFX_skzw2EQ","Kyun! Vampire Girl","short"
"Leia_Memoria_Variance_Project","NihTcm1bazs","cocktail trailer","short"
"Leia_Memoria_Variance_Project","Ohg9_SE9Thw","I lived !!! Hi I'm back let's chat","live"
"Leia_Memoria_Variance_Project","PBT-WXTMT_A","Super duper secret project with @FangsieFido .......","live"
"Leia_Memoria_Variance_Project","QenL95Bh7Jw","Halloween Leia art !<U+3010>Doodle & Chat<U+3011>","live"
"Leia_Memoria_Variance_Project","WN-pUcNZUOw","It gets even better?! | 2.7 part 1 Story Reaction<U+3010>Wuthering Waves<U+3011>","live"
"Leia_Memoria_Variance_Project","WZU4qFGSN8A","<U+3010>3DIO ASMR<U+3011>Vtuber Handcam | Triggers to put you to sleep<U+0001F319>","live"
"Leia_Memoria_Variance_Project","WeBo_TWSQDk","Akuma no ko","short"
"Leia_Memoria_Variance_Project","YjuIly56ssQ","Crossing Field","short"
"Leia_Memoria_Variance_Project","c9_i5FDdqgQ","Drawing myself in Iuno's clothes!<U+3010>Doodle & Chat<U+3011>","live"
"Leia_Memoria_Variance_Project","dyvEjEUYsDc","Vtuber plays Undertale for the first time","live"
"Leia_Memoria_Variance_Project","gk5fu8l5PDI","<U+3010>BIRTHDAY STREAM DAY 1<U+3011>Age of 53 is in demand !!","live"
"Leia_Memoria_Variance_Project","k-mYB-j3-Qk","<U+3010><U+6B4C><U+3063><U+3066><U+307F><U+305F><U+3011>CocktaiL / XYZ","short"
"Leia_Memoria_Variance_Project","kRJxm954wCw","BIRTHDAY STREAM DAY 3","live"
"Leia_Memoria_Variance_Project","oOZOG99Cnyk","<U+3010>BIRTHDAY STREAM DAY 2<U+3011>The party isn't over yet !","live"
"Leia_Memoria_Variance_Project","oUqNOKhuW14","<U+3010>Karaoke | <U+6B4C><U+67A0><U+3011>Good vibes !!","live"
"Leia_Memoria_Variance_Project","onEUmzgrTQc","Birthday After-party !! Let's talk about backstage stuff","live"
"Leia_Memoria_Variance_Project","oqfMIX9QjIE","<U+3010>3DIO ASMR<U+3011>Vtuber Handcam | Let me help you sleep<U+0001F319>","live"
"Leia_Memoria_Variance_Project","ppPJmOxm8tA","Fate Artbook panic","video"
"Leia_Memoria_Variance_Project","qChQT4OLRLo","Who is Iuno? I am Iuno now!!<U+3010>Doodle & Chat<U+3011>","live"
"Leia_Memoria_Variance_Project","sc0FG1b2NcQ","New Genesis","short"
"Leia_Memoria_Variance_Project","tHE_kURAcEw","Summersong","video"
"Leia_Memoria_Variance_Project","ty_WiFh-pPQ","Drawing your custom pfp!<U+3010>Doodle & Chat<U+3011>","live"
"Leia_Memoria_Variance_Project","vh6gR_vIYAg","What is going on in this forest ?!<U+3010>LIMBO<U+3011>","live"
"Leia_Memoria_Variance_Project","wiuBVYn7MRw","Aishite Aishite Aishite","short"
"Leia_Memoria_Variance_Project","yFQb5cFpcMk","Stranger danger !!!!<U+3010>No, I'm not a Human<U+3011>","live"
"Leia_Memoria_Variance_Project","yuV8hMCucTg","An Atari Like Horror Game?!<U+3010>FAITH The Unholy Trinity : Chapter 1 | ALL ENDINGS<U+3011>","live"
"Leia_Memoria_Variance_Project","zS2toSVP9wg","Replying to Marshmallow questions and yapping !!!","live"
"Leia_Memoria_Variance_Project","-a2fAj67p10","Raising a daughter | Haru Urara career reaction<U+3010>Uma Musume<U+3011>","live"
"Leia_Memoria_Variance_Project","-tSejrG9e_g","<U+3010>Gamescom 2025 - Opening Night Live<U+3011>SILKSONG APPEARANCE MAYBE? | Official co-streamer","live"
"Leia_Memoria_Variance_Project","06TpmfMjmKg","Coming back to play! What did I miss?! | 1.7 patch reaction<U+3010>Zenless Zone Zero<U+3011>","live"
"Leia_Memoria_Variance_Project","2y74PRzNeps","<U+3010>3DIO ASMR<U+3011>Vtuber Handcam | Whispers and triggers for sleep<U+0001F319>","live"
"Leia_Memoria_Variance_Project","2yB0IxnylDI","<U+3010>3DIO ASMR<U+3011>Vtuber Handcam | Relaxing triggers to sleep <U+0001F319>","live"
"Leia_Memoria_Variance_Project","4SF8sHbQAiw","The Gift of Memory<U+3010>Leia Memoria | LORE VIDEO<U+3011>","live"
"Leia_Memoria_Variance_Project","51gaK1kBFRw","Who is Iuno? | 2.6 part 2 Story Reaction<U+3010>Wuthering Waves<U+3011>","live"
"Leia_Memoria_Variance_Project","5LK8vGvsK-0","Will our friendship survive this...?<U+3010>100% Orange Juice w/ EQUILIBRIUM<U+3011>","live"
"Leia_Memoria_Variance_Project","6Acm7cKpMgk","Woah tall robot man<U+2026>..<U+3010>DOOM pt.4<U+3011>","live"
"Leia_Memoria_Variance_Project","7Q5M76PGSTc","Prover - Milet","short"
"Leia_Memoria_Variance_Project","BZ_0Pqccang","NEW REGION !!! More peak incoming? | 2.4 Story Reaction pt.1<U+3010>Wuthering Waves<U+3011>","live"
"Leia_Memoria_Variance_Project","DCIdRuRUiyw","Drawing in each other's clothes feat. @BlairLabriVT  !!<U+3010>Doodle & Chat<U+3011>","live"
"Leia_Memoria_Variance_Project","FxmwNOPscd0","Nerding out about my artbooks!!!<U+3010>Handcam<U+3011>","live"
"Leia_Memoria_Variance_Project","H8vTUSX3m7c","Membership open !!! Let's party !!!","live"
"Leia_Memoria_Variance_Project","I25PU_i7AbU","<U+3010>Gamescom 2025 - Awesome Indies<U+3011>I love indie games !!! | Official co-streamer","live"
"Leia_Memoria_Variance_Project","JL0CiCVat5M","Showing off some art tips and tricks to @ReinaRonronea<U+3010>Doodle & Chat<U+3011>","live"
"Leia_Memoria_Variance_Project","KfWfkvmpyOA","How is this a free game?! | 2.2 Story Reaction pt.2<U+3010>Wuthering Waves<U+3011>","live"
"Leia_Memoria_Variance_Project","LEGaqzURyiQ","<U+3010>3DIO ASMR<U+3011>Vtuber Handcam | Helping you fall asleep<U+0001F319>","live"
"Leia_Memoria_Variance_Project","LHFAtIXId5o","How does it keep getting better?! | 2.4 Story Reaction pt.2<U+3010>Wuthering Waves<U+3011>","live"
"Leia_Memoria_Variance_Project","O8_hkXGykto","SILKSONG IS REAL !!!!!!!!!! pt.1<U+3010>Hollow Knight : Silksong<U+3011>","live"
"Leia_Memoria_Variance_Project","P3352jIFjSw","Hi I'm back !!!!!!!! DID YOU MISS ME?","live"
"Leia_Memoria_Variance_Project","PQV3p9U7dkw","<U+3010>Doodle & Chat<U+3011>Yapping at you while I doodle","live"
"Leia_Memoria_Variance_Project","RErDCcBV6EU","<U+3010>3DIO ASMR<U+3011>Vtuber Handcam | Ear massage to help you sleep<U+0001F319>","live"
"Leia_Memoria_Variance_Project","S4VUWQC-WVA","Hell wasn't the end of the game???<U+3010>DOOM pt.3<U+3011>","live"
"Leia_Memoria_Variance_Project","S6u4gu1PBdU","<U+3010>Karaoke | <U+6B4C><U+67A0><U+3011>Stop scrolling ! #short #shorts","live"
"Leia_Memoria_Variance_Project","SWHzVB3PKdU","Confessions of a rotten girl","short"
"Leia_Memoria_Variance_Project","SYVxKZK4ydY","Drawing myself in a bunny maid outfit.......<U+3010>Doodle & Chat<U+3011>","live"
"Leia_Memoria_Variance_Project","T3XoSDALWfw","<U+3010>Doodle & Chat<U+3011>Giving myself different hairstyle because I can !!!","live"
"Leia_Memoria_Variance_Project","V85LsJxfdR8","Finishing my bunny maid art <U+0001F430><U+3010>Doodle & Chat<U+3011>","live"
"Leia_Memoria_Variance_Project","_o9UHSUL7Fc","Playable characters can't die right....? | 1.7 patch reaction pt.2<U+3010>Zenless Zone Zero<U+3011>","live"
"Leia_Memoria_Variance_Project","_xEsZhfgnmg","<U+3010>3DIO ASMR<U+3011>Vtuber Handcam | Soft tingles to help you relax<U+0001F319>","live"
"Leia_Memoria_Variance_Project","bzzWOokTn-E","<U+3010>Doodle & Chat<U+3011>Drawing members profile pic !","live"
"Leia_Memoria_Variance_Project","cLzF6AjUccQ","<U+3010>Karaoke | <U+6B4C><U+67A0><U+3011>Hello Youtube shorts! Vertical Karaoke","live"
"Leia_Memoria_Variance_Project","cubMXRUuiD0","<U+3010>Just Chatting<U+3011>Let's talk about the membership rewards!","live"
"Leia_Memoria_Variance_Project","dvhqkGTq0WY","I can't believe this is a free game | 2.5 Story Reaction<U+3010>Wuthering Waves<U+3011>","live"
"Leia_Memoria_Variance_Project","e0gJIBjzYHE","Brave Shine","short"
"Leia_Memoria_Variance_Project","gPJOwhylIa8","Genesis of Aquarion","short"
"Leia_Memoria_Variance_Project","h4L_WW8i9HE","Romeo & Cinderella","short"
"Leia_Memoria_Variance_Project","hLbBJfB0wxM","VTUBER CARD GAME?!<U+3010>Unboxing Handcam<U+3011>","live"
"Leia_Memoria_Variance_Project","hQCzYP-kiSA","<U+3010>3DIO ASMR<U+3011>Vtuber Handcam | Relaxing ear massage<U+0001F319>","live"
"Leia_Memoria_Variance_Project","kFzMo1l8SQ4","<U+3010>3DIO ASMR<U+3011>Vtuber Handcam | Cleaning your ears until you fall asleep <U+0001F319>","live"
"Leia_Memoria_Variance_Project","kic9H8k0ZUE","<U+3010>Doodle & Chat<U+3011>Sleepy weekend doodling <U+0001F4A4>","live"
"Leia_Memoria_Variance_Project","loA26fqBK5w","Touching grass (virtually)<U+3010>PEAK<U+3011>","live"
"Leia_Memoria_Variance_Project","m6yYoJ489iA","Absolute cinema | 2.2 Story Reaction pt.1<U+3010>Wuthering Waves<U+3011>","live"
"Leia_Memoria_Variance_Project","s53iAUroulA","This game is so beautiful | 2.6 Story Reaction pt.1.2<U+3010>Wuthering Waves<U+3011>","live"
"Leia_Memoria_Variance_Project","xkEsbivYu9g","It's a free game?! | 2.6 Story Reaction pt.1<U+3010>Wuthering Waves<U+3011>","live"
"Leia_Memoria_Variance_Project","yA3K7TW23aA","SHAW!! pt.2<U+3010>Hollow Knight : Silksong<U+3011>","live"
"Leia_Memoria_Variance_Project","yBYrUJyRfzw","<U+3010>Karaoke | <U+6B4C><U+67A0><U+3011>Let's sing a bit !!","live"
"Leia_Memoria_Variance_Project","ysSOrMACUws","<U+3010>Membership<U+3011>Recording session","live"
"Leia_Memoria_Variance_Project","z1daeKpO4vs","I hope you have more pulls than I do | Wuthering Waves 2.7 preview watchalong","live"
"Leia_Memoria_Variance_Project","06NiPZHH5ec","<U+3010>NAtsu MatsuRI Karaoke Relay<U+3011>What is summer without a festival? #NatMatKaraokeRelay","live"
"Leia_Memoria_Variance_Project","1ifcYDhr4e0","Let the goddess take the wheel<U+3010>Euro Truck Simulator 2<U+3011>","live"
"Leia_Memoria_Variance_Project","1kd8L8G54dc","<U+3010>DEBUT STREAM<U+3011>Visiting hours are open!!<U+3010>Variance Project<U+3011>","live"
"Leia_Memoria_Variance_Project","1uHWv9U4Scc","I got dragged into this mess...<U+3010>PEAK w/ EQUILIBRIUM<U+3011>","live"
"Leia_Memoria_Variance_Project","2PKVAlLMYsc","I pulled for Brant and never actually continued playing | 2.0 Story Reaction<U+3010>Wuthering Waves<U+3011>","live"
"Leia_Memoria_Variance_Project","3_tgmjZ67bs","Hello, how are you?","short"
"Leia_Memoria_Variance_Project","3xwXBdudEhc","<U+3010>SCHEDULE + FREE TALK<U+3011>","live"
"Leia_Memoria_Variance_Project","4cqnXJCOpfI","I need to catch up !!!!! 2.0 Story reaction<U+3010>Wuthering Waves<U+3011>","live"
"Leia_Memoria_Variance_Project","7T_dQ-Hj4HM","Odoriko","short"
"Leia_Memoria_Variance_Project","7TlSJ-P3XOE","Kessen Spirit","short"
"Leia_Memoria_Variance_Project","7sQ3GF-hfkA","Sketch to Render // My Digital Art Process | Clip Studio paint","live"
"Leia_Memoria_Variance_Project","7yVCdTNno5Q","Lilium","video"
"Leia_Memoria_Variance_Project","80535DFeSkU","Color your night","short"
"Leia_Memoria_Variance_Project","A0WqZR60nGg","<U+3010>DEBUT 2.0<U+3011>Let's talk some more!!<U+3010>Variance Project<U+3011>","live"
"Leia_Memoria_Variance_Project","ATRickr2dY0","Tipsy","short"
"Leia_Memoria_Variance_Project","BVzDY6hHqxw","<U+3010>Doodle & Chat<U+3011>Comfy scribbling !","live"
"Leia_Memoria_Variance_Project","BwutHsK_L6Q","Readymade","short"
"Leia_Memoria_Variance_Project","CZypvLG01Q4","Golden one take attempt","short"
"Leia_Memoria_Variance_Project","DgBSOtiqNj8","<U+3010>TEASER PV<U+3011>Leia Memoria<U+3010>VTuber Debut<U+3011>","video"
"Leia_Memoria_Variance_Project","H4U9nPtsqMY","test","live"
"Leia_Memoria_Variance_Project","J5dLayfHPFk","test","live"
"Leia_Memoria_Variance_Project","Kr7B7G2dZDc","<U+3010>Doodle & Chat<U+3011>Scribble scribble... No thoughts... Head empty...","live"
"Leia_Memoria_Variance_Project","L3x-_p2UE3c","First time playing!! I know almost nothing<U+3010>Uma Musume<U+3011>","live"
"Leia_Memoria_Variance_Project","LheYyHsIF9Q","<U+3010>3DIO ASMR<U+3011>Vtuber Handcam | Tingly Triggers for a good night sleep <U+0001F319>","live"
"Leia_Memoria_Variance_Project","MVqGNQX3Fq4","<U+3010>COVER<U+3011>Prover / Milet ver. Leia Memoria","live"
"Leia_Memoria_Variance_Project","Mrybn6_iZ9I","Sketch to Render // My Digital Art Process | Clip Studio paint","live"
"Leia_Memoria_Variance_Project","ODkkDCa-6OM","test 2","live"
"Leia_Memoria_Variance_Project","TDimZBVklh0","Haru (Sunny)","short"
"Leia_Memoria_Variance_Project","TajBx-XtQKE","Leia's Life Struggles pt.1","short"
"Leia_Memoria_Variance_Project","ZMbj0nDlrsY","Prover","short"
"Leia_Memoria_Variance_Project","_uuVRJVVuHk","RIP AND TEAR!!! Am I doing this right?<U+3010>DOOM<U+3011>","live"
"Leia_Memoria_Variance_Project","c7V_xWZ-uj8","Mela! feat. @FangsieFido","short"
"Leia_Memoria_Variance_Project","clin5uVJkwE","Otonoke","short"
"Leia_Memoria_Variance_Project","dLBOHTTMSiM","<U+3010>Karaoke | <U+6B4C><U+67A0><U+3011>Singing for you !","live"
"Leia_Memoria_Variance_Project","oCqChC78Uxs","Cutely rip and tears <U+2665><U+3010>DOOM pt.2<U+3011>","live"
"Leia_Memoria_Variance_Project","p-CDDyyUvuA","<U+3010>3DIO ASMR<U+3011>Vtuber Handcam | Soft whispers and ear massage <U+0001F319>","live"
"Leia_Memoria_Variance_Project","qUCj6BAUfQY","Memory Fact 1 : Crows","short"
"Leia_Memoria_Variance_Project","rVVmBqfmaLo","Seraphine lore","video"
"Leia_Memoria_Variance_Project","roELT697Bt8","Senbonzakura (<U+5343><U+672C><U+685C>)","short"
"Leia_Memoria_Variance_Project","safd6cS4_X4","Usseewa","short"
"Leia_Memoria_Variance_Project","vuiew0kC_24","Leia's life struggles pt.2","short"
"Leia_Memoria_Variance_Project","wZoq-A0YMKc","<U+3010>Doodle & Chat<U+3011>What if I was from another faction?<U+3010>Variance Project<U+3011>","live"
"Leia_Memoria_Variance_Project","yMboXbhSXgU","Seraphine Lore : The Blades","video"
"Leia_Memoria_Variance_Project","6094wW-RNns","Well<U+2026> this was depressing<U+3010>The Beginner's Guide<U+3011>","live"
"Leia_Memoria_Variance_Project","9ZEtNqpUfns","Flush away all your troubles!","short"
"Leia_Memoria_Variance_Project","9e_23sxg5rI","<U+3010>3DIO ASMR<U+3011>Vtuber Handcam | Giving you soft tingles to sleep<U+0001F319>","live"
"Leia_Memoria_Variance_Project","BVxVd-PylDg","Basement test stream 1","live"
"Leia_Memoria_Variance_Project","LGLYMrKmjZc","<U+3010>Cover<U+3011>Snow Halation Acapella version (EQUILIBRIUM 6-MONTH ANNIVERSARY)","video"
"Leia_Memoria_Variance_Project","Rj5YZESv5OM","Don't mess with me, I'm an artist !! I can draw you preg-<U+3010>Doodle & Chat<U+3011>","live"
"Leia_Memoria_Variance_Project","SpHABjxOKu8","<U+3010>3DIO ASMR<U+3011>Vtuber Handcam | Helping you fall asleep with relaxing tingles<U+0001F319>","live"
"Leia_Memoria_Variance_Project","UES6UxGjzaY","Drawing super duper mega spicy pin-up art<U+3010>Doodle & Chat<U+3011>","live"
"Leia_Memoria_Variance_Project","V-T6oOry5cw","Always go left....<U+3010>A Little to the Left<U+3011>","live"
"Leia_Memoria_Variance_Project","VX1fPnEXJI4","Drawing myself in Label's clothes!!<U+3010>Doodle & Chat<U+3011>","live"
"Leia_Memoria_Variance_Project","WjlUkc6vlNk","Goodbye Renascita, hello new area! | 2.8 Story Reaction part.1<U+3010>Wuthering Waves<U+3011>","live"
"Leia_Memoria_Variance_Project","Xm0rsRMTMiw","She called me Senpai!! | 2.8 part 2 & Start of 3.0 Story Reaction<U+3010>Wuthering Waves<U+3011>","live"
"Leia_Memoria_Variance_Project","dZkmCLc13po","My music album came with a free game! | 3.0 Story Reaction pt.2<U+3010>Wuthering Waves<U+3011>","live"
"Leia_Memoria_Variance_Project","lY5c1-1fEtk","DOWNLOADING THE GAME JUST FOR HER<U+3010>NIKKE<U+3011>","live"
"Leia_Memoria_Variance_Project","r8XOExirlyI","HOW AM I GETTING RAGE BAITED AGAIN ?!<U+3010>Agreeee<U+3011>","live"
"Leia_Memoria_Variance_Project","rPLCvyLQHIA","THIS GAME WON'T LET ME PLAY","video"
"Leia_Memoria_Variance_Project","rlwJ3vx10AE","Basement test stream 2","live"
"Leia_Memoria_Variance_Project","tfnq-L1cfOo","BIBIDIBA","short"
"Leia_Memoria_Variance_Project","vF1_gGzgTN4","AN ARKNIGHTS PLAYER'S FIRST IMPRESSION OF ENDFIELD","live"
"Leia_Memoria_Variance_Project","ZK0fjB7p8Dw","It's not that scary right...?<U+3010>Bendy and the Ink Machine<U+3011>","live"
"Leia_Memoria_Variance_Project","ewEZVz07Iwc","STOP INKING EVERYWHERE !!<U+3010>Bendy and the Ink Machine pt.2<U+3011>","live"
"Leia_Memoria_Variance_Project","w6WKghRQxMQ","In the recording mines<U+3010>Working Stream<U+3011>","live"
"Leia_Memoria_Variance_Project","lTVpANJc3P4","<U+3010>3DIO ASMR<U+3011>Can't sleep? Let me help you<U+0001F319> | Vtuber Handcam","live"
"Leia_Memoria_Variance_Project","2LefAjVSBvU","Please let me go home....<U+3010>Bendy and the Ink Machine pt.3<U+3011>","live"
"Leia_Memoria_Variance_Project","tHkSSbVBpc4","The birth of Leia Creatura","live"
"Leia_Memoria_Variance_Project","XQrE_VncqOo","World is mine (CPK! Remix)","short"
"Leia_Memoria_Variance_Project","DNt366X7M0s","TF2 with members !!!!!","live"
"Leia_Memoria_Variance_Project","Um7Hsk7M81o","<U+3010>3DIO ASMR<U+3011>Can't fall asleep? Let me help you relax | Vtuber Handcam","live"
"Leia_Memoria_Variance_Project","LjCiU4IGhgA","A Setlist Full of LOVE !!<U+3010> HEARTS IN HARMONY Karaoke Relay<U+3011>","live"
"Terberri_Solaris_Ch","1auJ3fgkihs","[Sheepherds!] Cozy doggo adventure with @haruzulux !","live"
"Terberri_Solaris_Ch","5yq9VTcBm3o","[Glitchspankr] FINDING LORE IN THIS SMACKING GAME Pt 4","live"
"Terberri_Solaris_Ch","6Y6njSWs24w","The truth about YOUR streamers | Shepherds #vtuber #vtuberclips #shorts","short"
"Terberri_Solaris_Ch","9bhP6V7jpfQ","How I Dodged a SCAMMER Asking for My IG #vtuber #vtuberclips #scambait","short"
"Terberri_Solaris_Ch","AZQFzFltJrs","Navi tells me to LISTEN, I did NOT","short"
"Terberri_Solaris_Ch","AnJkm-p_BZY","[Glitchspankr] FINALE FINDING LORE IN THIS SMACKING GAME","live"
"Terberri_Solaris_Ch","BseetUts9xE","SUCK IT! #vtuber #vtuberclips #pokemon","short"
"Terberri_Solaris_Ch","C9dTJQP-Ysw","SWITCH 2 HYPE! Vroom Vroom - Mario Kart World","live"
"Terberri_Solaris_Ch","CrDB2G1iq5Q","POV: You Work at Walmart on Black Friday #vtuber #vtuberclips #left4dead2","short"
"Terberri_Solaris_Ch","FyHXiIfUb5k","[Umamusume: Pretty Derby] Scorpio cup SO SOON! Can we make an A+ toxic Uma?","live"
"Terberri_Solaris_Ch","HGlolm42IMA","[Umamusume: Pretty Derby] Can we make an A+ Uma? Libra cup prep","live"
"Terberri_Solaris_Ch","I8snHbyHM3I","[Pokemon Puzzle League] Merry Christmas! Annual playthrough and ""speedrunning"" of my favorite game","live"
"Terberri_Solaris_Ch","KvTOLvXxkf8","[Left 4 Dead 2] Umas need to survive zombie apocalypse w/ @S3rena_Nici | Newbies to the game TT^TT","live"
"Terberri_Solaris_Ch","L06MYCsyJF8","[Left 4 Dead 2] Umas continue to survive a zombie apocalypse w/ fleshtubers","live"
"Terberri_Solaris_Ch","MG32Cuda3z8","[Love and Deepspace] PULL & EVENT TIME FOR MY VAMPIRE HUSBAND SYLUS!","live"
"Terberri_Solaris_Ch","MnE_-SvYdTQ","[Golf with Your Friends] Practice for Tourney and Community Lobby","live"
"Terberri_Solaris_Ch","NSt5ZP9AMJ0","[Umamusume: Pretty Derby] Last minute event cramming!","live"
"Terberri_Solaris_Ch","OFtLgEGogJE","[Zelda Ocarina of Time] FIRST TIME playing a zelda game ever | Part 1","live"
"Terberri_Solaris_Ch","PSnLZXlEptA","[Love and Deepspace] PULLING IN THE IDOL BANNER!!!! PLEASE COME HOME!","live"
"Terberri_Solaris_Ch","R-PRifjit4Q","Today I learn Fire Burns Wood | Legend of Zelda Ocarina of Time","short"
"Terberri_Solaris_Ch","UN4my0sM3pU","Wishing for Sylus NEW myth with ALL MY HEART! | Love and Deepspace | Where Silverwings Rest","short"
"Terberri_Solaris_Ch","YjDxKNVHdK8","[Left 4 Dead 2] Umas push on surviving a zombie apocalypse","live"
"Terberri_Solaris_Ch","ZZABkgGdIKE","[Glitchspankr] SMACKING EVERYTHING IN THIS VILLAINESS ERA Pt 3","live"
"Terberri_Solaris_Ch","_0YwhzXhsdI","[Love and Deepspace] Pulling for Caleb kisses and to bite this apple","live"
"Terberri_Solaris_Ch","_e6CQrVyLPc","[Godbreakers] Scuffed adventures as a godbreakers with @cynriaaa","live"
"Terberri_Solaris_Ch","bUn3o-muBuU","GOT 'EM #zelda #shorts #vtuber","short"
"Terberri_Solaris_Ch","bdXBxIfAV-s","[Umamusume: Pretty Derby] Pulling for Christmas Oguri Cap & CM Prepping!","live"
"Terberri_Solaris_Ch","d1HxcgJEf2M","[Umamusume: Pretty Derby] We are Umatastic and UmaCozy here! Making a 9 star parent and CM prepping!","live"
"Terberri_Solaris_Ch","dJ0X2nqDLq4","RV Breaking, a player down #rvthereyet #vtuber #vtuberclips","short"
"Terberri_Solaris_Ch","daTOBNZ_1Vk","[Zelda Ocarina of Time] We going up a mountain! FIRST TIME playing a zelda game ever Cont | Part 3","live"
"Terberri_Solaris_Ch","dnXA7aN-L0g","[Umamusume: Pretty Derby] Can we make an A+ Uma? Virgo cup prep","live"
"Terberri_Solaris_Ch","g2v84f1U5K4","[Zelda Ocarina of Time] WHERE IS THE DAMN LAKE?! FIRST TIME playing a zelda game ever Cont | Part 4","live"
"Terberri_Solaris_Ch","isjzKXcdjXs","[Umamusume: Pretty Derby] Pulling Support Nice Nature and Trying Graded Leo Cup","live"
"Terberri_Solaris_Ch","joeuSAwjlsk","[Chumini: Tiny Army] I AM BACK WITH SOME SMOL FRIENDS :3 | Happy 500 SUB!","live"
"Terberri_Solaris_Ch","k3ZdVBG_8yk","[Umamusume: Pretty Derby] Scorpio cup prep! Can we make an A+ toxic Uma?","live"
"Terberri_Solaris_Ch","mjcvl6f9lnY","[Umamusume: Pretty Derby] Libra cup races LIVE! Can we make an A+ Uma?","live"
"Terberri_Solaris_Ch","mzv9iyT8REs","[Umamusume: Pretty Derby] A bit of gamba for coffee horse!Can we make an A+ Uma? Libra cup prep cont","live"
"Terberri_Solaris_Ch","nE0YBUlqk88","[Zelda Ocarina of Time] Into the fishes mouth?! FIRST TIME playing a zelda game ever Cont | Part 5","live"
"Terberri_Solaris_Ch","oyrq5-dwLmE","[Zelda Ocarina of Time] FIRST TIME playing a zelda game ever Cont | Part 2","live"
"Terberri_Solaris_Ch","pXv9eK_Eo3M","What goes around, COMES AROUND","short"
"Terberri_Solaris_Ch","sWUSBr1zzOQ","[Love and Deepspace] Pulling as an Empress for Zayne, Sylus, and Xavier","live"
"Terberri_Solaris_Ch","tK5rV4xqi1o","Guild members crash out BUT NOT ME","short"
"Terberri_Solaris_Ch","tz72NxVMRQI","[Pokemon Puzzle League] Normal ""Speedrunning"" | We catching up in 2026 :3","live"
"Terberri_Solaris_Ch","v3KkaC97duY","[Umamusume: Pretty Derby] Pulling Support Nice Nature and Trying Graded Leo Cup","live"
"Terberri_Solaris_Ch","vKiSGMpp5TI","GOLDSHIP Stole Angling and Scheming (Uma Musume) #vtuber #clips #gacha #umamusume #live #vtuberclips","short"
"Terberri_Solaris_Ch","xEVkgp553qU","[Golf with Your Friends] Twitch #togetherforgood Tourney","live"
"Terberri_Solaris_Ch","y5Fo-cLinEQ","[Megabonk] We could fix the problem so we choose violence","live"
"Terberri_Solaris_Ch","zGQ_BYiGqhQ","[Left 4 Dead 2] WE GO BACK FOR OUR UMAS in a zombie apocalypse w/ @S3rena_Nici","live"
"Terberri_Solaris_Ch","-SyviYaElhM","[Consume Me] Pt. 2 I've been good on this diet! | RELEASE DAY STREAM #gifted","live"
"Terberri_Solaris_Ch","1Q6YkbimMoA","[Umamusume: Pretty Derby] BLOCKUSHINNNNNNN and Friends! Prep for Cancer Cup","live"
"Terberri_Solaris_Ch","1taMbV77FKA","[Honey Heist RPG] SHE IS IN YOUR WALLS - Bears going VIP | Part 3 Behind the curtain and pole?","video"
"Terberri_Solaris_Ch","57gW4kreEK8","Everything Came Down to This <U+2026> Did I Clutch It? | Umamusume: Pretty Derby Gemini Cup FINALS","video"
"Terberri_Solaris_Ch","5qLPR1C9KKk","[Honey Heist RPG] GOING DOWN HOLES AND FINAL FIGHT | FINAL Heist Success?","video"
"Terberri_Solaris_Ch","9kmrfXlfjNA","[Umamusume: Pretty Derby] Struggle prepping for Cancer Cup","live"
"Terberri_Solaris_Ch","ADPZeuWXMxU","[Umamusume: Pretty Derby] Struggle prepping for Leo Cup","live"
"Terberri_Solaris_Ch","BHOlMJl8VrQ","What my Uma Jukebox sounds like #vtuber #umamusume","short"
"Terberri_Solaris_Ch","BPCw84khEjg","When Megabonk Attacks Keep Coming<U+2026> MORE!!! #vtuber #vtuberclips #megabonk","short"
"Terberri_Solaris_Ch","C_26UMfSfOo","The Most DISRESPECTFUL Loss Ever #vtuber #vtuberclips #umamusume","short"
"Terberri_Solaris_Ch","DmUbqw74iIU","Is This ACTUALLY Cozy?!?!?! #vtuber","short"
"Terberri_Solaris_Ch","FlVlo1FerQc","[Umamusume: Pretty Derby] BLOCKUSHINNNNNNN and Friends! Prep for Cancer Cup","live"
"Terberri_Solaris_Ch","HqdagQofxJI","NEVER DOUBT YOUR UMAS #vtuber #umamusume","short"
"Terberri_Solaris_Ch","JUz1mhLMWeg","[Megabonk] Short session - OMG I CAN'T STOP BONKING Cont Cont .5! (Unlocking spree)","live"
"Terberri_Solaris_Ch","Jg_JUQiInkk","[Umamusume: Pretty Derby] We 95% win rate in Gemini Cup!!! Prep for Cancer Cup","live"
"Terberri_Solaris_Ch","JyBY9_FC1F0","WORST RNG in Umamusume history #vtuber #vtuberclips #umamusume","short"
"Terberri_Solaris_Ch","KY07EryRVFw","[Umamusume: Pretty Derby] Short Stream - Pulling for Summer Maru or Crashing Out","live"
"Terberri_Solaris_Ch","LnwuhrdKreo","Rate-up or copium? Maruzensky decide my fate #vtuber #vtuberclips #umamusume","short"
"Terberri_Solaris_Ch","McVSteOYMBA","[Glitchspankr] SMACKING EVERYTHING IN THIS VILLAINESS ERA #gifted","live"
"Terberri_Solaris_Ch","NxeByny6jsE","[Megabonk] OMG I CAN'T STOP BONKING Cont Cont! (New Characters ! Unlocking spree)","live"
"Terberri_Solaris_Ch","OL5HY6eD88M","Practice Perfect to Practice Poor #vtuber #umamusume #vtuberclips","short"
"Terberri_Solaris_Ch","ORZdAFIgRN0","Megabonk Ninja Unlocks a New Breathing Style #vtuber #vtuberclips #megabonk","short"
"Terberri_Solaris_Ch","PR3a8Vmg1sY","[Megabonk] OMG I CAN'T STOP BONKING Cont! (unlocking spree)","live"
"Terberri_Solaris_Ch","Sh304hXQf-4","Excuse me that was me being bold?! | Monster Prom 4: Monster Con","video"
"Terberri_Solaris_Ch","Sn2l-xrqjJc","[Honey Heist RPG] ISE-SEKI WHAT?! Adventures in HoneyCon | Part 2 Adventures at the Con","video"
"Terberri_Solaris_Ch","TJbs5r1mTow","BEST ENDING TO A SOUL LINK #vtuber","short"
"Terberri_Solaris_Ch","TYF7GaZZGDg","Bakushin Bakushin Bakushinshin<U+2026> BLOCKUSHIN #vtuber #sakurabakushin #vtuberclips #umamusume","short"
"Terberri_Solaris_Ch","US0_k_Uu3TU","[Umamusume: Pretty Derby] Struggle prepping for Cancer Cup","live"
"Terberri_Solaris_Ch","VMuLC9Efpe4","POV: GOLD SHIP STRIKES AGAIN #vtuber #umamusume","short"
"Terberri_Solaris_Ch","W8z8DX5oxng","[Wheel World] Exploring with a bike and ghosty friendo #gifted","live"
"Terberri_Solaris_Ch","X7faL-rTnXw","SegaSonic the Hedgehog Speedrun in 15:16 [Any%, Solo Hardware Leaderboard Attempt]","video"
"Terberri_Solaris_Ch","aMFtQp4ectE","[Love and Deepspace] Celebrating Xavier's bday!","live"
"Terberri_Solaris_Ch","cJw80A9DCco","[Consume Me] Pt. 3 WAS COLLEGE THIS HARD? #gifted","live"
"Terberri_Solaris_Ch","dk7gATpm-yo","Cheep Cheep in my lil Jeep Jeep #vtuber #meme","short"
"Terberri_Solaris_Ch","eVLlKbDb1-Q","[Glitchspankr] SMACKING EVERYTHING IN THIS VILLAINESS ERA Pt 2","live"
"Terberri_Solaris_Ch","extmhUZy1oU","[Megabonk] OMG I CAN'T STOP BONKING","live"
"Terberri_Solaris_Ch","gMTKfEAK_XY","SAY WHAT...EXCUSE ME?!?!??! #vtuber","short"
"Terberri_Solaris_Ch","gRyolFYljTc","[Consume Me] ALL THE NOMS PLEASE... OR NOT? EARLY ACCESS STREAM #gifted","live"
"Terberri_Solaris_Ch","jLm74mNul_c","POV: Only BARKS for Zayne's God of Annihilation Myth #vtuberclips #vtuber #loveanddeepspace","short"
"Terberri_Solaris_Ch","m3G3NO7XLVw","[Mario Kart World + Guilty as Socks collabs]  MOAR Casual Racing, then going to court w/ Friendos","live"
"Terberri_Solaris_Ch","m8XnG60LfaQ","Tis the Evil Nature season! (fan edit) #umamusume","short"
"Terberri_Solaris_Ch","qy_x3qU9C-g","[Monster Prom 4] We have been at cons, lets play a game about them! #gifted","live"
"Terberri_Solaris_Ch","r5H9brzilL0","How a scam baiter ""hurt"" me! #vtuber #vtuberclips #scambait","short"
"Terberri_Solaris_Ch","uENwda91WQU","Trust Fallin in Dune: Awakening #vtuber #funny #memes","short"
"Terberri_Solaris_Ch","vSuNRO9r3do","[Love and Deepspace] PULLING FOR ZAYNE'S MYTH!!!! PLEASE COME HOME!","live"
"Terberri_Solaris_Ch","w0rJGoR3prI","[Umamusume: Pretty Derby] Not addicted and GEMINI CUP IS HERE!!! Thank you for 300 Subs!","live"
"Terberri_Solaris_Ch","xjKgX5Q95bc","BEAR-LY A JUMPSCARE #vtuber","short"
"Terberri_Solaris_Ch","xsEAGkPpIwY","[Umamusume: Pretty Derby] Late Night Cancer Cup Racing & Recapping B-Side Fan Event Racing","live"
"Terberri_Solaris_Ch","yVX-TYPifzk","She Really Picked THAT<U+2026> Only Gold Ship #vtuber #vtuberclips #umamusume","short"
"Terberri_Solaris_Ch","zbK-5q5yrdY","PSA & A TIP FOR ATTENDING A CONVENTION #vtuber #psa","short"
"Terberri_Solaris_Ch","-klgxaiOEn0","[Solo Archipelago] Playing 4 in 1 Pokemon Games CONT. Pt 5 on YT | 1 out of 4 DONE","live"
"Terberri_Solaris_Ch","17ElKDZTHAM","[Wanderstop] Navigating a Cozy Cafe Life - First time playthrough (FINALE) pt 3","live"
"Terberri_Solaris_Ch","3_hdxv9w5CQ","[Aloft] Oiii we are on the ALOFT Steam page! Taking on the Skies w/ the ladies!","live"
"Terberri_Solaris_Ch","7oIh8leBVbY","[Solo Archipelago] Playing 4 in 1 Pokemon Games CONT. Pt 6 on YT | 1 out of 4 DONE","live"
"Terberri_Solaris_Ch","7rMcIX4j9rw","Shooting for the Cheese #vtuber #shorts","short"
"Terberri_Solaris_Ch","9Vd2g097yrw","[Solo Archipelago] Playing 4 in 1 Pokemon Games CONT Pt 3 on YT","live"
"Terberri_Solaris_Ch","9c1FWjkKvrU","Thank you from me! (1st debut anni April 2025)","video"
"Terberri_Solaris_Ch","AXU4ntcsKm0","My Caleb is different #loveanddeepspace #vtuber","short"
"Terberri_Solaris_Ch","CqtndIG4NZM","[Solo Archipelago] Playing 4 in 1 Pokemon Games CONT. Pt 6 on YT | 1 out of 4 DONE","live"
"Terberri_Solaris_Ch","EZHYutvUu2Q","""NANI GA SUKI"" KAWAII BEARS EDITION + Model Reveal 2.5 (aiscream meme)","short"
"Terberri_Solaris_Ch","En3B8d-Uuy4","Berri's Wild Ride #vtuber #shorts","short"
"Terberri_Solaris_Ch","F2cHJc7qios","[Announcement + Solo Archipelago] Playing 4 in 1 Pokemon Games CONT. Pt 8/FINALE?!?! on YT","live"
"Terberri_Solaris_Ch","FHodEl8TdgU","[Solo Archipelago] Playing 4 in 1 Pokemon Games CONT. Pt 4 on YT","live"
"Terberri_Solaris_Ch","JjQ2KgPk6D0","[Solo Archipelago] Playing 4 in 1 Pokemon Games CONT. Pt 2 on YT","live"
"Terberri_Solaris_Ch","JndOARmRM-A","[Solo Archipelago] Playing 4 in 1 Pokemon Games CONT. Pt 5 on YT | 1 out of 4 DONE","live"
"Terberri_Solaris_Ch","MBL5aNqcXFk","DAMNING & CURSING on stream #vtuber #shorts","short"
"Terberri_Solaris_Ch","Pj8hmeM4IVM","Hello, handsome (you look lonely)","short"
"Terberri_Solaris_Ch","QJbPqSd1x28","Sylus JUST want to play a game #vtuber #loveanddeepspace","short"
"Terberri_Solaris_Ch","SkJ5_S2Rdhg","Honey Heist RPG Trailer | KumaKollective Intro?","video"
"Terberri_Solaris_Ch","Tp8zqNL2Wc0","Kiss the Girl MV (fan edit) #loveanddeepspace","short"
"Terberri_Solaris_Ch","TpKiz_j_60c","[Wanderstop] Navigating a Cozy Cafe Life - First time playthrough Pt 1","live"
"Terberri_Solaris_Ch","UqlPP_U0IYU","Unlocking a core memory #vtuber #memes","short"
"Terberri_Solaris_Ch","WdmNgg-887c","UPDATE ON CALEB PULLS #loveanddeepspace #vtuber","short"
"Terberri_Solaris_Ch","XLuYZ5ZMyno","Wrong Button... #vtuber #envtuber","short"
"Terberri_Solaris_Ch","YlB8TuraJP4","[8+ Hour Stream] Double feature - Dune: Awakening + Mario Kart World pt 2","live"
"Terberri_Solaris_Ch","_Aeu6BlUYTo","Angy Magikarp #vtuber #short","short"
"Terberri_Solaris_Ch","_RQjSvbKroY","Vtuber Debut | Terberri Solaris' Debut Presentation","video"
"Terberri_Solaris_Ch","c17IYs0Jk5A","EPIC FAIL #vtuber #envtuber","short"
"Terberri_Solaris_Ch","fNd7kHFHT_Q","Overworked and underpaid #vtuber #shorts","short"
"Terberri_Solaris_Ch","hU3jamHwGPE","Berri's Model Evolutions (peekaboo) #vtuber","short"
"Terberri_Solaris_Ch","hjgA6Gvw9xo","I might of broke my tagalog teacher #vtuber #envtuber","short"
"Terberri_Solaris_Ch","ia9SLGhCFwE","[Solo Archipelago] Playing 4 in 1 Pokemon Games CONT. Pt 7 on YT | 1 out of 4 DONE","live"
"Terberri_Solaris_Ch","jWG-Iilx_OQ","Stresses of ""Co-op"" in Dune: Awakening #vtuber #funny","short"
"Terberri_Solaris_Ch","kJZBS9dMiuE","Truck-kun said NOT TODAY #vtuber #shorts","short"
"Terberri_Solaris_Ch","kcHNJNokt4o","What you need in morning #vtuber #pokemon","short"
"Terberri_Solaris_Ch","m6qRYYvrHqg","[Solo Archipelago] Playing 4 in 1 Pokemon Games Pt 1 on YT","live"
"Terberri_Solaris_Ch","nz-WxtfHMY4","Bi-Annual Powerpoint Competition","live"
"Terberri_Solaris_Ch","ooU-ZovjYVo","ITS PIKACHU #vtuber #meme","short"
"Terberri_Solaris_Ch","p1jWSIFOAcc","""NANI GA SUKI"" KAWAII BEARS EDITION (aiscream meme)","short"
"Terberri_Solaris_Ch","pP0qvThYdpI","[Rabbit & Steel] Cutie Pies Together Event! (Cute Duo - Time Attack Event)","live"
"Terberri_Solaris_Ch","qF9KCHVhMOE","[Grimoire Grove] A COZY roguelite exist?!?!? Pt 1","live"
"Terberri_Solaris_Ch","rDjwwRJjxDw","[8+ Hour Stream] Double feature - Dune: Awakening + Mario Kart World PT 1","live"
"Terberri_Solaris_Ch","sCChgb9nmW0","[Honey Heist RPG] Can 5 Bears pull off a heist?!?! | Part 1 Setup + Planning","video"
"Terberri_Solaris_Ch","tGkno_5L7RE","REUNITED WITH THE COSTCO POLISH SAUSAGE IN CANADA!?!?!? #vtuber #shorts","short"
"Terberri_Solaris_Ch","tyOEmHguTIQ","SWITCH 2 HYPE! Vroom Vroom - Mario Kart World","live"
"Terberri_Solaris_Ch","uQSKnHv6gA8","[Ikeman Model Debut] Avery Solaris - Duke of the North","live"
"Terberri_Solaris_Ch","xs-fRdYjOQk","[Wanderstop] Navigating a Cozy Cafe Life - First time playthrough pt 2","live"
"Terberri_Solaris_Ch","xsBDd_8_rvw","[Solo Archipelago] Playing 4 in 1 Pokemon Games CONT. Pt 5 on YT | 1 out of 4 DONE","live"
"Terberri_Solaris_Ch","yEFv3P1poZ8","Bara Bada Batsu - KAJ x LADS (Eng lyrics, fan edit) #loveanddeepspace #eurovision","short"
"Terberri_Solaris_Ch","-1K8ieCVfKY","Rough Start ...  #vtuber #vtuberclips #envtuber #sonic","short"
"Terberri_Solaris_Ch","BRA44bAUuzg","Brain be like... #envtuber #vtuber","short"
"Terberri_Solaris_Ch","CBgZklVh4l4","Celebration from the Former Teddy Bear Princess #vtuber / SOUL SOUP - Official<U+9AED><U+7537>dism (Dance)","short"
"Terberri_Solaris_Ch","F0OeXH5Y4Gc","2.0 Model Debut - Teaser","short"
"Terberri_Solaris_Ch","Fad9TgzaCiw","I hate you SO much! #vtuber","short"
"Terberri_Solaris_Ch","H9BHwIL3rjY","How to Describe Terberri Solaris (Debut Kick Off Video)","video"
"Terberri_Solaris_Ch","Ljhjn5lg5vw","[Neopets] Making a Pastel Lutari at 9pm PST!!! Live painting & transforming of a neopet","live"
"Terberri_Solaris_Ch","N-p0_xYJogw","All I Want for Christmas is You - Mariah Carey (Terberri Cover) #vtuber","short"
"Terberri_Solaris_Ch","TlbkFkgx9pw","Pokemon goes oiiaioiiiai #vtuber #memes","short"
"Terberri_Solaris_Ch","XYPqvQKRe_U","Shooting Star Couch #vtuber #vtuberen","short"
"Terberri_Solaris_Ch","YrtGlYtGrR4","1st stream of the year! 2025 is going to be a colorful start!","live"
"Terberri_Solaris_Ch","bAg5b3XuVoo","Lost and Confuse  #vtuber #envtuber","short"
"Terberri_Solaris_Ch","bRwacrzt_S4","Nah, I'm good #vtuber #envtuber","short"
"Terberri_Solaris_Ch","gi7o_H3XG-o","FF Host Audition (Terberri)","video"
"Terberri_Solaris_Ch","iJ7cpKV4Ssc","Variety Gamers take on 500 Nightmare Island Challenge; maybe later 100 True Nightmare challenge","live"
"Terberri_Solaris_Ch","k0dy3CAheeY","Help! Tasukete!!! #vtuber #vtuberen","short"
"Terberri_Solaris_Ch","mPwxnSdBg90","I try to git gud ..... #vtuber #envtuber #mario","short"
"Terberri_Solaris_Ch","tK0gySMCqQ8","Extended Warranty #vtuber #vtuberen","short"
"Terberri_Solaris_Ch","yzr846AIaDU","[Pokemon Pinball  + Neopets] Neopets w/ Dailies & Food Club","live"
"Terberri_Solaris_Ch","4A3_bddxF4o","Getting down in Goron City","short"
"Terberri_Solaris_Ch","YbXlCs6b_Z0","[Zelda Ocarina of Time]Jabu Jabu's Belly or BUST! FIRST TIME playing a zelda game ever Cont | Part 6","live"
"Terberri_Solaris_Ch","6ajbfKdyk00","[YapYap] I am a wizard of CHAOS w/ Vburrow fam! | Happy 500 SUB!","live"
"Terberri_Solaris_Ch","s-ldxAteXr4","English language is weird #vtuber #vtuberclips","short"
"Terberri_Solaris_Ch","E7ia_HYFUd0","[Zelda Ocarina of Time] Forest temple shenanigans! FIRST TIME playing a zelda game EVER | Pt 8","live"
"Terberri_Solaris_Ch","kmVE5tP0Jy4","[Zelda Ocarina of Time] I can finally be an adult! FIRST TIME playing a zelda game EVER | Pt 7","live"
